library name,text,rodata,data,bss,code,flash,ram
lib\libhal.a,23510,2237,877,2385,25747,26624,3262
lib\libkernel.a,14012,492,28,93002,14504,14532,93030
lib\libaudio.a,25068,758,624,41487,25826,26450,42111
lib\libdriver.a,68686,3420,1220,9852,72106,73326,11072
lib\libdriver_core_V2.a,4726,9,0,44,4735,4735,44
lib\modem_lte_lib.a,531900,27668,4090,98400,559568,563658,102490
..\..\components\newlib\newlib-3.1.0\armca5\libc.a,40846,2817,1534,47,43663,45197,1581
..\..\components\ql-kernel\libs\liboql_api_audio.a,11096,2658,16,165,13754,13770,181
..\..\components\ql-kernel\libs\liboql_api_power.a,4450,919,56,41,5369,5425,97
..\..\components\ql-kernel\libs\liboql_hd_gnss.a,1538,379,8,0,1917,1925,8
..\..\components\ql-kernel\libs\libq_modem.a,2252,716,0,48,2968,2968,48
..\..\components\ql-kernel\libs\libq_usbnet.a,2564,694,61,16,3258,3319,77
..\..\components\ql-kernel\libs\libql_api_adc.a,400,45,2,0,445,447,2
..\..\components\ql-kernel\libs\libql_api_camera.a,2900,573,0,28,3473,3473,28
..\..\components\ql-kernel\libs\libql_api_common.a,682,114,1,113,796,797,114
..\..\components\ql-kernel\libs\libql_api_datacall.a,16592,3507,182,1666,20099,20281,1848
..\..\components\ql-kernel\libs\libql_api_dev.a,2152,458,11,4,2610,2621,15
..\..\components\ql-kernel\libs\libql_api_fota.a,3608,1091,2,0,4699,4701,2
..\..\components\ql-kernel\libs\libql_api_fs.a,10812,1998,200,24,12810,13010,224
..\..\components\ql-kernel\libs\libql_api_ftp.a,7656,800,12,0,8456,8468,12
..\..\components\ql-kernel\libs\libql_api_gpio.a,3564,383,0,384,3947,3947,384
..\..\components\ql-kernel\libs\libql_api_http.a,2884,210,0,4,3094,3094,4
..\..\components\ql-kernel\libs\libql_api_i2c.a,1472,109,36,0,1581,1617,36
..\..\components\ql-kernel\libs\libql_api_keypad.a,492,100,36,0,592,628,36
..\..\components\ql-kernel\libs\libql_api_lcd.a,4608,304,5,10,4912,4917,15
..\..\components\ql-kernel\libs\libql_api_mqtt.a,3636,266,0,24,3902,3902,24
..\..\components\ql-kernel\libs\libql_api_nvitem.a,1232,292,0,0,1524,1524,0
..\..\components\ql-kernel\libs\libql_api_nw.a,25742,8856,595,2370,34598,35193,2965
..\..\components\ql-kernel\libs\libql_api_osi.a,7660,997,12,57,8657,8669,69
..\..\components\ql-kernel\libs\libql_api_pwm.a,756,118,192,5,874,1066,197
..\..\components\ql-kernel\libs\libql_api_rtc.a,1552,311,76,28,1863,1939,104
..\..\components\ql-kernel\libs\libql_api_sim.a,7090,1381,74,24,8471,8545,98
..\..\components\ql-kernel\libs\libql_api_sms.a,9840,1177,8,24,11017,11025,32
..\..\components\ql-kernel\libs\libql_api_spi.a,3522,532,0,96,4054,4054,96
..\..\components\ql-kernel\libs\libql_api_spi6_ext_nor_flash.a,108,16,0,0,124,124,0
..\..\components\ql-kernel\libs\libql_api_spi_flash.a,280,76,0,20,356,356,20
..\..\components\ql-kernel\libs\libql_api_spi_nand_flash.a,1796,188,32,0,1984,2016,32
..\..\components\ql-kernel\libs\libql_api_spi_nor_flash.a,2442,277,8,13,2719,2727,21
..\..\components\ql-kernel\libs\libql_api_uart.a,5988,1469,192,276,7457,7649,468
..\..\components\ql-kernel\libs\libql_api_usb.a,2094,557,84,109,2651,2735,193
..\..\components\ql-kernel\libs\libql_api_usbnet.a,1268,208,12,10,1476,1488,22
..\..\components\ql-kernel\libs\libql_api_virt_at.a,1416,256,0,44,1672,1672,44
..\..\components\ql-kernel\libs\libql_api_wifiscan.a,4782,1174,60,8,5956,6016,68
..\..\components\ql-kernel\libs\libql_api_xlat.a,1098,87,0,68,1185,1185,68
..\..\components\ql-kernel\libs\libql_apptcpip.a,1510,0,4,6960,1510,1514,6964
..\..\components\ql-kernel\libs\libql_at.a,52828,13669,1239,2157,66497,67736,3396
..\..\components\ql-kernel\libs\libql_at_table.a,9008,6142,0,3816,15150,15150,3816
..\..\components\ql-kernel\libs\libql_aud_resample.a,1232,9216,0,0,10448,10448,0
..\..\components\ql-kernel\libs\libql_bsp.a,2496,391,17,9,2887,2904,26
..\..\components\ql-kernel\libs\libql_curl.a,99990,26251,32,217,126241,126273,249
..\..\components\ql-kernel\libs\libql_ext_codec.a,356,70,0,16,426,426,16
..\..\components\ql-kernel\libs\libql_file.a,5870,684,16,0,6554,6570,16
..\..\components\ql-kernel\libs\libql_ftp.a,13684,1920,0,0,15604,15604,0
..\..\components\ql-kernel\libs\libql_hd_gnss_aux.a,8922,4891,300,1016,13813,14113,1316
..\..\components\ql-kernel\libs\libql_http.a,19952,2736,105,13,22688,22793,118
..\..\components\ql-kernel\libs\libql_lbs.a,6094,653,0,16,6747,6747,16
..\..\components\ql-kernel\libs\libql_mqtt.a,14882,1484,0,16,16366,16366,16
..\..\components\ql-kernel\libs\libql_net.a,13706,2237,0,126,15943,15943,126
..\..\components\ql-kernel\libs\libql_ntp.a,4176,710,0,16,4886,4886,16
..\..\components\ql-kernel\libs\libql_ping.a,3608,668,0,12,4276,4276,12
..\..\components\ql-kernel\libs\libql_power.a,3382,993,220,70,4375,4595,290
..\..\components\ql-kernel\libs\libql_tlv.a,412,0,0,0,412,412,0
..\..\components\ql-kernel\libs\libql_urc.a,2092,0,0,2,2092,2092,2
..\..\components\ql-kernel\libs\libql_utils.a,3472,307,108,0,3779,3887,108
..\..\components\ql-kernel\libs\libquectel.a,460,217,4,4,677,681,8
..\..\prebuilts\win32\gcc-arm-none-eabi\gcc-arm-none-eabi-9.2.1\lib\gcc\arm-none-eabi\9.2.1\thumb\v7+fp\hard\libgcc.a,2844,0,0,0,2844,2844,0
components\modem_lte\libmodem_lte.a,1220,157,0,96,1377,1377,96
lib\cvs.a,44436,0,26692,684,44436,71128,27376
lib\cvsrecd.a,8616,0,36588,40,8616,45204,36628
lib\libapploader.a,1916,7373,4,16,9289,9293,20
libappstart.a,2014,303,0,9,2317,2317,9
lib\libatr.a,10648,6507,0,9788,17155,17155,9788
lib\libats.a,91882,12301,251,10798,104183,104434,11049
lib\libaudio_core.a,132652,90551,0,4,223203,223203,4
lib\libaudio_media.a,358,0,0,4,358,358,4
lib\libbdev.a,236,0,0,0,236,236,0
lib\libbdev_core.a,2932,20,0,0,2952,2952,0
lib\libboot_ex_spi6nor.a,1630,314,162,6,1944,2106,168
lib\libcalclib.a,2706,8,0,352,2714,2714,352
lib\libcalclib_crc.a,252,1280,0,0,1532,1532,0
lib\libcfw.a,1796,45,0,4,1841,1841,4
lib\libcfw_core_modem_lte_lib.a,254900,33499,3583,9120,288399,291982,12703
lib\libcrypto.a,15690,631,0,100,16321,16321,100
lib\libdiag.a,7868,193,0,6780,8061,8061,6780
lib\libdriver_camera.a,10298,2839,497,95,13137,13634,592
lib\libdriver_charge_adc.a,5446,161,71,270,5607,5678,341
lib\libdriver_lcd.a,4400,563,86,3,4963,5049,89
lib\libdrv_host.a,1476,0,0,0,1476,1476,0
lib\libefuse_secure.a,872,0,2,4,872,874,6
lib\libfatfs.a,7300,829,1,555,8129,8130,556
lib\libfs.a,5748,180,192,137,5928,6120,329
lib\libfs_partinfo.a,368,0,0,0,368,368,0
lib\libfsmount.a,1476,38,1,12,1514,1515,13
lib\libfupdate_core.a,3052,72,16,0,3124,3140,16
lib\libfupdate_security_app.a,172,16,0,1,188,188,1
lib\libhal_prop.a,3148,1205,1660,1480,4353,6013,3140
lib\libids_core.a,3586,663,0,92,4249,4249,92
lib\libjson.a,4154,39,12,8,4193,4205,20
lib\liblcdpanel.a,2300,110,12,0,2410,2422,12
lib\liblwip.a,109894,18536,34,7018,128430,128464,7052
lib\liblz4.a,3690,64,0,0,3754,3754,0
lib\libmal.a,1288,41,0,8,1329,1329,8
lib\libmbedtls.a,158606,54386,95,9386,212992,213087,9481
lib\libml.a,1648,16452,168,4,18100,18268,172
lib\libnanopb.a,5100,554,0,0,5654,5654,0
lib\libnet.a,20932,1942,94,12791,22874,22968,12885
lib\libnet_src_lwip.a,3246,0,0,600,3246,3246,600
lib\libnvm.a,4456,1612,0,3,6068,6068,3
lib\liboql_core_drv.a,248,1935,343,1,2183,2526,344
lib\liboql_core_virt_func.a,432,0,0,15,432,432,15
lib\libosi_core.a,7598,96,0,125,7694,7694,125
lib\libosi_lib.a,9800,248,0,205597,10048,10048,205597
lib\libql_at_list.a,292,4444,0,8,4736,4736,8
lib\libql_codec_cfg.a,1264,382,772,0,1646,2418,772
lib\libql_kernel_cfg.a,11472,266,6,14604,11738,11744,14610
lib\libql_open_at.a,168,60,0,0,228,228,0
lib\libql_spi4_nor_prop.a,24,0,200,0,24,224,200
lib\librpc_core_modem_lte_lib.a,3580,2801,1,12,6381,6382,13
lib\libservice.a,7172,1865,8,85,9037,9045,93
lib\libsffs_core.a,24212,832,13,0,25044,25057,13
lib\libsimlock_core.a,7626,0,64,0,7626,7690,64
lib\libxlat.a,8134,201,0,4,8335,8335,4
lib\libboot_ex_ql_pin.a,0,0,248,1,0,248,249
..\..\components\ql-kernel\libs\libql_fatfs_ex.a,0,0,0,8,0,0,8
