object name,library name,text,rodata,data,bss,code,flash,ram
hal_delay.c.obj,lib\libhal.a,112,0,0,0,112,112,0
portASM.S.obj,lib\libkernel.a,780,0,0,0,780,780,0
port.c.obj,lib\libkernel.a,260,8,0,16,268,268,16
hal_chip_armv7a.c.obj,lib\libhal.a,1542,0,8,1101,1542,1550,1109
osi_blue_screen.c.obj,lib\libkernel.a,404,0,0,149,404,404,149
osi_irq_gic.c.obj,lib\libkernel.a,1048,0,0,1896,1048,1048,1896
osi_profile.c.obj,lib\libkernel.a,540,0,0,49188,540,540,49188
audio_device.c.obj,lib\libaudio.a,17494,259,12,40370,17753,17765,40382
drv_spi_flash.c.obj,lib\libdriver.a,2718,49,136,8,2767,2903,144
drv_md_ipc.c.obj,lib\libdriver_core_V2.a,4726,9,0,44,4735,4735,44
hal_spi_flash.c.obj,lib\libhal.a,2520,25,4,8,2545,2549,12
hal_wdt.c.obj,lib\libhal.a,116,0,0,0,116,116,0
ps_osiapi.o,lib\modem_lte_lib.a,2508,30,0,25044,2538,2538,25044
epdc_wb_lte.o,lib\modem_lte_lib.a,15892,38,43,24658,15930,15973,24701
lib_a-access.o,..\..\components\newlib\newlib-3.1.0\armca5\libc.a,44,0,0,0,44,44,0
lib_a-aeabi_memclr.o,..\..\components\newlib\newlib-3.1.0\armca5\libc.a,8,0,0,0,8,8,0
lib_a-aeabi_memcpy.o,..\..\components\newlib\newlib-3.1.0\armca5\libc.a,4,0,0,0,4,4,0
lib_a-aeabi_memmove-soft.o,..\..\components\newlib\newlib-3.1.0\armca5\libc.a,58,0,0,0,58,58,0
lib_a-aeabi_memset-soft.o,..\..\components\newlib\newlib-3.1.0\armca5\libc.a,154,0,0,0,154,154,0
lib_a-atof.o,..\..\components\newlib\newlib-3.1.0\armca5\libc.a,6,0,0,0,6,6,0
lib_a-atoi.o,..\..\components\newlib\newlib-3.1.0\armca5\libc.a,8,0,0,0,8,8,0
lib_a-atol.o,..\..\components\newlib\newlib-3.1.0\armca5\libc.a,8,0,0,0,8,8,0
lib_a-bsearch.o,..\..\components\newlib\newlib-3.1.0\armca5\libc.a,70,0,0,0,70,70,0
lib_a-ctype_.o,..\..\components\newlib\newlib-3.1.0\armca5\libc.a,0,257,0,0,257,257,0
lib_a-div.o,..\..\components\newlib\newlib-3.1.0\armca5\libc.a,48,0,0,0,48,48,0
lib_a-dtoa.o,..\..\components\newlib\newlib-3.1.0\armca5\libc.a,2934,13,0,0,2947,2947,0
lib_a-envlock.o,..\..\components\newlib\newlib-3.1.0\armca5\libc.a,24,0,0,0,24,24,0
lib_a-errno.o,..\..\components\newlib\newlib-3.1.0\armca5\libc.a,8,0,0,0,8,8,0
lib_a-fclose.o,..\..\components\newlib\newlib-3.1.0\armca5\libc.a,186,0,0,0,186,186,0
lib_a-fflush.o,..\..\components\newlib\newlib-3.1.0\armca5\libc.a,402,0,0,0,402,402,0
lib_a-findfp.o,..\..\components\newlib\newlib-3.1.0\armca5\libc.a,404,0,0,0,404,404,0
lib_a-flags.o,..\..\components\newlib\newlib-3.1.0\armca5\libc.a,108,0,0,0,108,108,0
lib_a-fopen.o,..\..\components\newlib\newlib-3.1.0\armca5\libc.a,190,0,0,0,190,190,0
lib_a-fputc.o,..\..\components\newlib\newlib-3.1.0\armca5\libc.a,92,0,0,0,92,92,0
lib_a-fread.o,..\..\components\newlib\newlib-3.1.0\armca5\libc.a,242,0,0,0,242,242,0
lib_a-fseek.o,..\..\components\newlib\newlib-3.1.0\armca5\libc.a,30,0,0,0,30,30,0
lib_a-fseeko.o,..\..\components\newlib\newlib-3.1.0\armca5\libc.a,664,0,0,0,664,664,0
lib_a-ftell.o,..\..\components\newlib\newlib-3.1.0\armca5\libc.a,18,0,0,0,18,18,0
lib_a-ftello.o,..\..\components\newlib\newlib-3.1.0\armca5\libc.a,192,0,0,0,192,192,0
lib_a-fvwrite.o,..\..\components\newlib\newlib-3.1.0\armca5\libc.a,660,0,0,0,660,660,0
lib_a-fwalk.o,..\..\components\newlib\newlib-3.1.0\armca5\libc.a,124,0,0,0,124,124,0
lib_a-fwrite.o,..\..\components\newlib\newlib-3.1.0\armca5\libc.a,186,0,0,0,186,186,0
lib_a-gdtoa-gethex.o,..\..\components\newlib\newlib-3.1.0\armca5\libc.a,1316,0,0,0,1316,1316,0
lib_a-gdtoa-hexnan.o,..\..\components\newlib\newlib-3.1.0\armca5\libc.a,388,0,0,0,388,388,0
lib_a-getenv.o,..\..\components\newlib\newlib-3.1.0\armca5\libc.a,20,0,0,0,20,20,0
lib_a-getenv_r.o,..\..\components\newlib\newlib-3.1.0\armca5\libc.a,130,0,0,0,130,130,0
lib_a-getreent.o,..\..\components\newlib\newlib-3.1.0\armca5\libc.a,12,0,0,0,12,12,0
lib_a-gettzinfo.o,..\..\components\newlib\newlib-3.1.0\armca5\libc.a,8,0,88,0,8,96,88
lib_a-gmtime.o,..\..\components\newlib\newlib-3.1.0\armca5\libc.a,22,0,0,0,22,22,0
lib_a-gmtime_r.o,..\..\components\newlib\newlib-3.1.0\armca5\libc.a,412,0,0,0,412,412,0
lib_a-impure.o,..\..\components\newlib\newlib-3.1.0\armca5\libc.a,0,4,1068,0,4,1072,1068
lib_a-iswspace.o,..\..\components\newlib\newlib-3.1.0\armca5\libc.a,6,0,0,0,6,6,0
lib_a-iswspace_l.o,..\..\components\newlib\newlib-3.1.0\armca5\libc.a,20,0,0,0,20,20,0
lib_a-lnumeric.o,..\..\components\newlib\newlib-3.1.0\armca5\libc.a,0,15,2,0,15,17,2
lib_a-locale.o,..\..\components\newlib\newlib-3.1.0\armca5\libc.a,12,8,364,0,20,384,364
lib_a-localeconv.o,..\..\components\newlib\newlib-3.1.0\armca5\libc.a,8,0,0,0,8,8,0
lib_a-lock.o,..\..\components\newlib\newlib-3.1.0\armca5\libc.a,12,0,0,9,12,12,9
lib_a-makebuf.o,..\..\components\newlib\newlib-3.1.0\armca5\libc.a,210,0,0,0,210,210,0
lib_a-mbrtowc.o,..\..\components\newlib\newlib-3.1.0\armca5\libc.a,52,1,0,0,53,53,0
lib_a-mbtowc_r.o,..\..\components\newlib\newlib-3.1.0\armca5\libc.a,36,0,0,0,36,36,0
lib_a-memchr.o,..\..\components\newlib\newlib-3.1.0\armca5\libc.a,232,0,0,0,232,232,0
lib_a-memcmp.o,..\..\components\newlib\newlib-3.1.0\armca5\libc.a,92,0,0,0,92,92,0
lib_a-memcpy-stub.o,..\..\components\newlib\newlib-3.1.0\armca5\libc.a,200,0,0,0,200,200,0
lib_a-memmove.o,..\..\components\newlib\newlib-3.1.0\armca5\libc.a,212,0,0,0,212,212,0
lib_a-memset.o,..\..\components\newlib\newlib-3.1.0\armca5\libc.a,168,0,0,0,168,168,0
lib_a-mktime.o,..\..\components\newlib\newlib-3.1.0\armca5\libc.a,1212,96,0,0,1308,1308,0
lib_a-month_lengths.o,..\..\components\newlib\newlib-3.1.0\armca5\libc.a,0,96,0,0,96,96,0
lib_a-mprec.o,..\..\components\newlib\newlib-3.1.0\armca5\libc.a,2090,252,0,0,2342,2342,0
lib_a-putc.o,..\..\components\newlib\newlib-3.1.0\armca5\libc.a,104,0,0,0,104,104,0
lib_a-qsort.o,..\..\components\newlib\newlib-3.1.0\armca5\libc.a,808,0,0,0,808,808,0
lib_a-rand.o,..\..\components\newlib\newlib-3.1.0\armca5\libc.a,76,0,0,0,76,76,0
lib_a-reent.o,..\..\components\newlib\newlib-3.1.0\armca5\libc.a,146,0,0,0,146,146,0
lib_a-refill.o,..\..\components\newlib\newlib-3.1.0\armca5\libc.a,278,0,0,0,278,278,0
lib_a-s_frexp.o,..\..\components\newlib\newlib-3.1.0\armca5\libc.a,112,0,0,0,112,112,0
lib_a-s_nan.o,..\..\components\newlib\newlib-3.1.0\armca5\libc.a,16,0,0,0,16,16,0
lib_a-sccl.o,..\..\components\newlib\newlib-3.1.0\armca5\libc.a,116,0,0,0,116,116,0
lib_a-sf_nan.o,..\..\components\newlib\newlib-3.1.0\armca5\libc.a,12,0,0,0,12,12,0
lib_a-siscanf.o,..\..\components\newlib\newlib-3.1.0\armca5\libc.a,80,0,0,0,80,80,0
lib_a-snprintf.o,..\..\components\newlib\newlib-3.1.0\armca5\libc.a,102,0,0,0,102,102,0
lib_a-sprintf.o,..\..\components\newlib\newlib-3.1.0\armca5\libc.a,64,0,0,0,64,64,0
lib_a-sscanf.o,..\..\components\newlib\newlib-3.1.0\armca5\libc.a,80,0,0,0,80,80,0
lib_a-stdio.o,..\..\components\newlib\newlib-3.1.0\armca5\libc.a,140,0,0,0,140,140,0
lib_a-strcasecmp.o,..\..\components\newlib\newlib-3.1.0\armca5\libc.a,68,0,0,0,68,68,0
lib_a-strcat.o,..\..\components\newlib\newlib-3.1.0\armca5\libc.a,64,0,0,0,64,64,0
lib_a-strchr.o,..\..\components\newlib\newlib-3.1.0\armca5\libc.a,208,0,0,0,208,208,0
lib_a-strcmp.o,..\..\components\newlib\newlib-3.1.0\armca5\libc.a,732,0,0,0,732,732,0
lib_a-strcpy.o,..\..\components\newlib\newlib-3.1.0\armca5\libc.a,196,0,0,0,196,196,0
lib_a-strcspn.o,..\..\components\newlib\newlib-3.1.0\armca5\libc.a,48,0,0,0,48,48,0
lib_a-strdup.o,..\..\components\newlib\newlib-3.1.0\armca5\libc.a,20,0,0,0,20,20,0
lib_a-strdup_r.o,..\..\components\newlib\newlib-3.1.0\armca5\libc.a,36,0,0,0,36,36,0
lib_a-strerror.o,..\..\components\newlib\newlib-3.1.0\armca5\libc.a,1156,1792,0,0,2948,2948,0
lib_a-strlen.o,..\..\components\newlib\newlib-3.1.0\armca5\libc.a,220,0,0,0,220,220,0
lib_a-strncasecmp.o,..\..\components\newlib\newlib-3.1.0\armca5\libc.a,84,0,0,0,84,84,0
lib_a-strncat.o,..\..\components\newlib\newlib-3.1.0\armca5\libc.a,92,0,0,0,92,92,0
lib_a-strncmp.o,..\..\components\newlib\newlib-3.1.0\armca5\libc.a,132,0,0,0,132,132,0
lib_a-strncpy.o,..\..\components\newlib\newlib-3.1.0\armca5\libc.a,116,0,0,0,116,116,0
lib_a-strndup.o,..\..\components\newlib\newlib-3.1.0\armca5\libc.a,24,0,0,0,24,24,0
lib_a-strndup_r.o,..\..\components\newlib\newlib-3.1.0\armca5\libc.a,64,0,0,0,64,64,0
lib_a-strnlen.o,..\..\components\newlib\newlib-3.1.0\armca5\libc.a,44,0,0,0,44,44,0
lib_a-strpbrk.o,..\..\components\newlib\newlib-3.1.0\armca5\libc.a,56,0,0,0,56,56,0
lib_a-strrchr.o,..\..\components\newlib\newlib-3.1.0\armca5\libc.a,36,0,0,0,36,36,0
lib_a-strspn.o,..\..\components\newlib\newlib-3.1.0\armca5\libc.a,48,0,0,0,48,48,0
lib_a-strstr.o,..\..\components\newlib\newlib-3.1.0\armca5\libc.a,1092,0,0,0,1092,1092,0
lib_a-strtod.o,..\..\components\newlib\newlib-3.1.0\armca5\libc.a,3048,89,0,0,3137,3137,0
lib_a-strtok.o,..\..\components\newlib\newlib-3.1.0\armca5\libc.a,28,0,0,0,28,28,0
lib_a-strtok_r.o,..\..\components\newlib\newlib-3.1.0\armca5\libc.a,120,0,0,0,120,120,0
lib_a-strtol.o,..\..\components\newlib\newlib-3.1.0\armca5\libc.a,266,0,0,0,266,266,0
lib_a-strtoll.o,..\..\components\newlib\newlib-3.1.0\armca5\libc.a,330,0,0,0,330,330,0
lib_a-strtoul.o,..\..\components\newlib\newlib-3.1.0\armca5\libc.a,274,0,0,0,274,274,0
lib_a-strtoull.o,..\..\components\newlib\newlib-3.1.0\armca5\libc.a,338,0,0,0,338,338,0
lib_a-svfiprintf.o,..\..\components\newlib\newlib-3.1.0\armca5\libc.a,234,0,0,0,234,234,0
lib_a-svfiscanf.o,..\..\components\newlib\newlib-3.1.0\armca5\libc.a,4158,34,0,0,4192,4192,0
lib_a-svfprintf.o,..\..\components\newlib\newlib-3.1.0\armca5\libc.a,4884,61,0,0,4945,4945,0
lib_a-svfscanf.o,..\..\components\newlib\newlib-3.1.0\armca5\libc.a,4796,39,0,0,4835,4835,0
lib_a-time.o,..\..\components\newlib\newlib-3.1.0\armca5\libc.a,38,0,0,0,38,38,0
lib_a-tzcalc_limits.o,..\..\components\newlib\newlib-3.1.0\armca5\libc.a,340,0,0,0,340,340,0
lib_a-tzlock.o,..\..\components\newlib\newlib-3.1.0\armca5\libc.a,24,0,0,0,24,24,0
lib_a-tzset.o,..\..\components\newlib\newlib-3.1.0\armca5\libc.a,14,0,0,0,14,14,0
lib_a-tzset_r.o,..\..\components\newlib\newlib-3.1.0\armca5\libc.a,772,56,0,26,828,828,26
lib_a-tzvars.o,..\..\components\newlib\newlib-3.1.0\armca5\libc.a,0,4,8,8,4,12,16
lib_a-u_strerr.o,..\..\components\newlib\newlib-3.1.0\armca5\libc.a,4,0,0,0,4,4,0
lib_a-ungetc.o,..\..\components\newlib\newlib-3.1.0\armca5\libc.a,112,0,0,0,112,112,0
lib_a-vsnprintf.o,..\..\components\newlib\newlib-3.1.0\armca5\libc.a,118,0,0,0,118,118,0
lib_a-vsscanf.o,..\..\components\newlib\newlib-3.1.0\armca5\libc.a,98,0,0,0,98,98,0
lib_a-wbuf.o,..\..\components\newlib\newlib-3.1.0\armca5\libc.a,146,0,0,0,146,146,0
lib_a-wctomb_r.o,..\..\components\newlib\newlib-3.1.0\armca5\libc.a,26,0,0,0,26,26,0
lib_a-wsetup.o,..\..\components\newlib\newlib-3.1.0\armca5\libc.a,170,0,0,0,170,170,0
lib_a-xpg_strerror_r.o,..\..\components\newlib\newlib-3.1.0\armca5\libc.a,96,0,0,0,96,96,0
ql_audio.c.obj,..\..\components\ql-kernel\libs\liboql_api_audio.a,11096,2658,16,165,13754,13770,181
ql_power.c.obj,..\..\components\ql-kernel\libs\liboql_api_power.a,4450,919,56,41,5369,5425,97
ql_hd_gnss.c.obj,..\..\components\ql-kernel\libs\liboql_hd_gnss.a,1538,379,8,0,1917,1925,8
quec_modem_interface.c.obj,..\..\components\ql-kernel\libs\libq_modem.a,2252,716,0,48,2968,2968,48
quec_usbnet.c.obj,..\..\components\ql-kernel\libs\libq_usbnet.a,2564,694,61,16,3258,3319,77
ql_adc.c.obj,..\..\components\ql-kernel\libs\libql_api_adc.a,400,45,2,0,445,447,2
ql_api_camera.c.obj,..\..\components\ql-kernel\libs\libql_api_camera.a,2900,573,0,28,3473,3473,28
ql_log.c.obj,..\..\components\ql-kernel\libs\libql_api_common.a,682,114,1,113,796,797,114
ql_api_datacall.c.obj,..\..\components\ql-kernel\libs\libql_api_datacall.a,16592,3507,182,1666,20099,20281,1848
ql_api_dev.c.obj,..\..\components\ql-kernel\libs\libql_api_dev.a,2152,458,11,4,2610,2621,15
ql_api_fota.c.obj,..\..\components\ql-kernel\libs\libql_api_fota.a,3608,1091,2,0,4699,4701,2
ql_fs.c.obj,..\..\components\ql-kernel\libs\libql_api_fs.a,6904,970,0,4,7874,7874,4
ql_fs_handler.c.obj,..\..\components\ql-kernel\libs\libql_api_fs.a,3908,1028,200,20,4936,5136,220
ql_ftp_client.c.obj,..\..\components\ql-kernel\libs\libql_api_ftp.a,4278,286,4,0,4564,4568,4
ql_ftp_parse.c.obj,..\..\components\ql-kernel\libs\libql_api_ftp.a,3378,514,8,0,3892,3900,8
ql_gpio.c.obj,..\..\components\ql-kernel\libs\libql_api_gpio.a,3564,383,0,384,3947,3947,384
ql_http_client.c.obj,..\..\components\ql-kernel\libs\libql_api_http.a,2884,210,0,4,3094,3094,4
ql_i2c.c.obj,..\..\components\ql-kernel\libs\libql_api_i2c.a,1472,109,36,0,1581,1617,36
ql_keypad.c.obj,..\..\components\ql-kernel\libs\libql_api_keypad.a,492,100,36,0,592,628,36
ql_lcd.c.obj,..\..\components\ql-kernel\libs\libql_api_lcd.a,4608,304,5,10,4912,4917,15
ql_mqttclient.c.obj,..\..\components\ql-kernel\libs\libql_api_mqtt.a,3636,266,0,24,3902,3902,24
ql_nvitem.c.obj,..\..\components\ql-kernel\libs\libql_api_nvitem.a,1232,292,0,0,1524,1524,0
ql_api_nw.c.obj,..\..\components\ql-kernel\libs\libql_api_nw.a,25474,8452,307,2370,33926,34233,2677
ql_api_plmnlist.c.obj,..\..\components\ql-kernel\libs\libql_api_nw.a,268,404,288,0,672,960,288
ql_api_osi.c.obj,..\..\components\ql-kernel\libs\libql_api_osi.a,5150,344,8,36,5494,5502,44
quec_event.c.obj,..\..\components\ql-kernel\libs\libql_api_osi.a,2510,653,4,21,3163,3167,25
ql_led.c.obj,..\..\components\ql-kernel\libs\libql_api_pwm.a,164,0,0,5,164,164,5
ql_pwm.c.obj,..\..\components\ql-kernel\libs\libql_api_pwm.a,592,118,192,0,710,902,192
ql_api_rtc.c.obj,..\..\components\ql-kernel\libs\libql_api_rtc.a,1552,311,76,28,1863,1939,104
ql_api_sim.c.obj,..\..\components\ql-kernel\libs\libql_api_sim.a,7090,1381,74,24,8471,8545,98
ql_api_sms.c.obj,..\..\components\ql-kernel\libs\libql_api_sms.a,8514,897,8,24,9411,9419,32
ql_sms_utf.c.obj,..\..\components\ql-kernel\libs\libql_api_sms.a,1326,280,0,0,1606,1606,0
ql_api_spi.c.obj,..\..\components\ql-kernel\libs\libql_api_spi.a,3522,532,0,96,4054,4054,96
ql_api_spi6_ext_nor_flash.c.obj,..\..\components\ql-kernel\libs\libql_api_spi6_ext_nor_flash.a,108,16,0,0,124,124,0
ql_api_spi_flash.c.obj,..\..\components\ql-kernel\libs\libql_api_spi_flash.a,280,76,0,20,356,356,20
ql_api_spi_nand_flash.c.obj,..\..\components\ql-kernel\libs\libql_api_spi_nand_flash.a,1796,188,32,0,1984,2016,32
ql_api_spi_nor_flash.c.obj,..\..\components\ql-kernel\libs\libql_api_spi_nor_flash.a,2442,277,8,13,2719,2727,21
ql_uart.c.obj,..\..\components\ql-kernel\libs\libql_api_uart.a,5988,1469,192,276,7457,7649,468
ql_usb.c.obj,..\..\components\ql-kernel\libs\libql_api_usb.a,1360,430,84,81,1790,1874,165
quec_usb_audio.c.obj,..\..\components\ql-kernel\libs\libql_api_usb.a,734,127,0,28,861,861,28
ql_api_usbnet.c.obj,..\..\components\ql-kernel\libs\libql_api_usbnet.a,1268,208,12,10,1476,1488,22
ql_api_virt_at.c.obj,..\..\components\ql-kernel\libs\libql_api_virt_at.a,1416,256,0,44,1672,1672,44
ql_wifi_scan.c.obj,..\..\components\ql-kernel\libs\libql_api_wifiscan.a,4782,1174,60,8,5956,6016,68
ql_api_xlat.c.obj,..\..\components\ql-kernel\libs\libql_api_xlat.a,770,64,0,60,834,834,60
ql_xlat_app.c.obj,..\..\components\ql-kernel\libs\libql_api_xlat.a,328,23,0,8,351,351,8
ql_ssl_ctx.c.obj,..\..\components\ql-kernel\libs\libql_apptcpip.a,1510,0,4,6960,1510,1514,6964
quec_at_app_init.c.obj,..\..\components\ql-kernel\libs\libql_at.a,8,0,0,0,8,8,0
quec_atcmd_general.c.obj,..\..\components\ql-kernel\libs\libql_at.a,9802,2425,373,24,12227,12600,397
quec_atcmd_hw.c.obj,..\..\components\ql-kernel\libs\libql_at.a,1236,218,0,0,1454,1454,0
quec_atcmd_network.c.obj,..\..\components\ql-kernel\libs\libql_at.a,22636,5268,144,2058,27904,28048,2202
quec_atcmd_qcfg.c.obj,..\..\components\ql-kernel\libs\libql_at.a,10824,3236,409,4,14060,14469,413
quec_atcmd_qdbgcfg.c.obj,..\..\components\ql-kernel\libs\libql_at.a,4690,1293,289,15,5983,6272,304
quec_atcmd_sim.c.obj,..\..\components\ql-kernel\libs\libql_at.a,2928,1022,24,48,3950,3974,72
quec_atcmd_spi6nor.c.obj,..\..\components\ql-kernel\libs\libql_at.a,152,37,0,0,189,189,0
quec_msg_process.c.obj,..\..\components\ql-kernel\libs\libql_at.a,552,170,0,8,722,722,8
quec_at_engine.c.obj,..\..\components\ql-kernel\libs\libql_at_table.a,168,17,0,0,185,185,0
quec_at_param.c.obj,..\..\components\ql-kernel\libs\libql_at_table.a,1908,1,0,0,1909,1909,0
quec_atc_adapter.c.obj,..\..\components\ql-kernel\libs\libql_at_table.a,76,0,0,0,76,76,0
quec_atc_parser.c.obj,..\..\components\ql-kernel\libs\libql_at_table.a,5408,1066,0,3796,6474,6474,3796
quec_atresp.c.obj,..\..\components\ql-kernel\libs\libql_at_table.a,1352,5043,0,16,6395,6395,16
quec_data_engine.c.obj,..\..\components\ql-kernel\libs\libql_at_table.a,96,15,0,4,111,111,4
audio_resample.c.obj,..\..\components\ql-kernel\libs\libql_aud_resample.a,1232,9216,0,0,10448,10448,0
quec_camera.c.obj,..\..\components\ql-kernel\libs\libql_bsp.a,480,61,9,1,541,550,10
quec_dispatch.c.obj,..\..\components\ql-kernel\libs\libql_bsp.a,1660,241,0,4,1901,1901,4
quec_led_task.c.obj,..\..\components\ql-kernel\libs\libql_bsp.a,356,89,8,4,445,453,12
base64.c.obj,..\..\components\ql-kernel\libs\libql_curl.a,552,89,0,0,641,641,0
conncache.c.obj,..\..\components\ql-kernel\libs\libql_curl.a,1436,182,0,0,1618,1618,0
connect.c.obj,..\..\components\ql-kernel\libs\libql_curl.a,3648,782,0,0,4430,4430,0
content_encoding.c.obj,..\..\components\ql-kernel\libs\libql_curl.a,4,0,0,0,4,4,0
curl_addrinfo.c.obj,..\..\components\ql-kernel\libs\libql_curl.a,730,0,0,0,730,730,0
curl_ctype.c.obj,..\..\components\ql-kernel\libs\libql_curl.a,208,128,0,0,336,336,0
curl_fnmatch.c.obj,..\..\components\ql-kernel\libs\libql_curl.a,1076,49,0,0,1125,1125,0
curl_path.c.obj,..\..\components\ql-kernel\libs\libql_curl.a,576,9,0,0,585,585,0
curl_range.c.obj,..\..\components\ql-kernel\libs\libql_curl.a,272,144,0,0,416,416,0
dotdot.c.obj,..\..\components\ql-kernel\libs\libql_curl.a,356,28,0,0,384,384,0
dynbuf.c.obj,..\..\components\ql-kernel\libs\libql_curl.a,540,0,0,0,540,540,0
easy.c.obj,..\..\components\ql-kernel\libs\libql_curl.a,690,147,20,4,837,857,24
escape.c.obj,..\..\components\ql-kernel\libs\libql_curl.a,286,0,0,0,286,286,0
fileinfo.c.obj,..\..\components\ql-kernel\libs\libql_curl.a,52,0,0,0,52,52,0
ftp.c.obj,..\..\components\ql-kernel\libs\libql_curl.a,12764,4074,0,0,16838,16838,0
ftplistparser.c.obj,..\..\components\ql-kernel\libs\libql_curl.a,2492,54,0,0,2546,2546,0
getenv.c.obj,..\..\components\ql-kernel\libs\libql_curl.a,32,0,0,0,32,32,0
getinfo.c.obj,..\..\components\ql-kernel\libs\libql_curl.a,1988,59,0,0,2047,2047,0
hash.c.obj,..\..\components\ql-kernel\libs\libql_curl.a,656,0,0,0,656,656,0
hostip.c.obj,..\..\components\ql-kernel\libs\libql_curl.a,1898,404,0,0,2302,2302,0
hostip6.c.obj,..\..\components\ql-kernel\libs\libql_curl.a,252,33,0,0,285,285,0
http_proxy.c.obj,..\..\components\ql-kernel\libs\libql_curl.a,2,0,0,0,2,2,0
if2ip.c.obj,..\..\components\ql-kernel\libs\libql_curl.a,138,0,0,0,138,138,0
inet_ntop.c.obj,..\..\components\ql-kernel\libs\libql_curl.a,464,24,0,0,488,488,0
inet_pton.c.obj,..\..\components\ql-kernel\libs\libql_curl.a,440,45,0,0,485,485,0
libssh2.c.obj,..\..\components\ql-kernel\libs\libql_curl.a,11466,5622,0,0,17088,17088,0
llist.c.obj,..\..\components\ql-kernel\libs\libql_curl.a,192,0,0,0,192,192,0
mbedtls.c.obj,..\..\components\ql-kernel\libs\libql_curl.a,3158,1466,0,0,4624,4624,0
mprintf.c.obj,..\..\components\ql-kernel\libs\libql_curl.a,3500,91,0,0,3591,3591,0
multi.c.obj,..\..\components\ql-kernel\libs\libql_curl.a,8562,1077,0,0,9639,9639,0
nonblock.c.obj,..\..\components\ql-kernel\libs\libql_curl.a,28,0,0,0,28,28,0
parsedate.c.obj,..\..\components\ql-kernel\libs\libql_curl.a,1110,1140,0,0,2250,2250,0
pingpong.c.obj,..\..\components\ql-kernel\libs\libql_curl.a,1338,239,0,0,1577,1577,0
progress.c.obj,..\..\components\ql-kernel\libs\libql_curl.a,1746,19,0,0,1765,1765,0
quectel_curl_io.c.obj,..\..\components\ql-kernel\libs\libql_curl.a,306,105,0,4,411,411,4
select.c.obj,..\..\components\ql-kernel\libs\libql_curl.a,872,0,0,0,872,872,0
sendf.c.obj,..\..\components\ql-kernel\libs\libql_curl.a,1280,183,0,0,1463,1463,0
setopt.c.obj,..\..\components\ql-kernel\libs\libql_curl.a,6780,1,0,0,6781,6781,0
share.c.obj,..\..\components\ql-kernel\libs\libql_curl.a,72,0,0,0,72,72,0
slist.c.obj,..\..\components\ql-kernel\libs\libql_curl.a,144,0,0,0,144,144,0
socketpair.c.obj,..\..\components\ql-kernel\libs\libql_curl.a,6,0,0,0,6,6,0
socks.c.obj,..\..\components\ql-kernel\libs\libql_curl.a,2926,2743,0,0,5669,5669,0
speedcheck.c.obj,..\..\components\ql-kernel\libs\libql_curl.a,188,77,0,0,265,265,0
splay.c.obj,..\..\components\ql-kernel\libs\libql_curl.a,624,32,0,0,656,656,0
strcase.c.obj,..\..\components\ql-kernel\libs\libql_curl.a,166,0,0,0,166,166,0
strdup.c.obj,..\..\components\ql-kernel\libs\libql_curl.a,44,0,0,0,44,44,0
strerror.c.obj,..\..\components\ql-kernel\libs\libql_curl.a,152,3742,0,0,3894,3894,0
strtoofft.c.obj,..\..\components\ql-kernel\libs\libql_curl.a,112,0,0,0,112,112,0
timeval.c.obj,..\..\components\ql-kernel\libs\libql_curl.a,254,0,0,0,254,254,0
transfer.c.obj,..\..\components\ql-kernel\libs\libql_curl.a,4126,1067,0,0,5193,5193,0
url.c.obj,..\..\components\ql-kernel\libs\libql_curl.a,10814,1753,0,0,12567,12567,0
urlapi.c.obj,..\..\components\ql-kernel\libs\libql_curl.a,4722,259,0,0,4981,4981,0
vtls.c.obj,..\..\components\ql-kernel\libs\libql_curl.a,3546,384,12,209,3930,3942,221
warnless.c.obj,..\..\components\ql-kernel\libs\libql_curl.a,102,0,0,0,102,102,0
wildcard.c.obj,..\..\components\ql-kernel\libs\libql_curl.a,102,0,0,0,102,102,0
ql_ext_codec.c.obj,..\..\components\ql-kernel\libs\libql_ext_codec.a,356,70,0,16,426,426,16
quec_sfs_file.c.obj,..\..\components\ql-kernel\libs\libql_file.a,5422,587,16,0,6009,6025,16
quec_vfs_file.c.obj,..\..\components\ql-kernel\libs\libql_file.a,448,97,0,0,545,545,0
quec_ftp_client_c.c.obj,..\..\components\ql-kernel\libs\libql_ftp.a,13684,1920,0,0,15604,15604,0
quec_hd_gnss_handle.c.obj,..\..\components\ql-kernel\libs\libql_hd_gnss_aux.a,8922,4891,300,1016,13813,14113,1316
quec_http_client.c.obj,..\..\components\ql-kernel\libs\libql_http.a,19952,2736,105,13,22688,22793,118
ql_lbs_client.c.obj,..\..\components\ql-kernel\libs\libql_lbs.a,6094,653,0,16,6747,6747,16
mqtt_packet.c.obj,..\..\components\ql-kernel\libs\libql_mqtt.a,2368,276,0,0,2644,2644,0
ql_mqtt_client.c.obj,..\..\components\ql-kernel\libs\libql_mqtt.a,11298,794,0,16,12092,12092,16
quec_onenet_token.c.obj,..\..\components\ql-kernel\libs\libql_mqtt.a,1216,414,0,0,1630,1630,0
ql_socket.c.obj,..\..\components\ql-kernel\libs\libql_net.a,5454,854,0,94,6308,6308,94
ql_ssl.c.obj,..\..\components\ql-kernel\libs\libql_net.a,8252,1383,0,32,9635,9635,32
ql_ntp_client.c.obj,..\..\components\ql-kernel\libs\libql_ntp.a,4176,710,0,16,4886,4886,16
ql_ping_app.c.obj,..\..\components\ql-kernel\libs\libql_ping.a,3608,668,0,12,4276,4276,12
quec_power_mg.c.obj,..\..\components\ql-kernel\libs\libql_power.a,3382,993,220,70,4375,4595,290
ber_tlv_length.c.obj,..\..\components\ql-kernel\libs\libql_tlv.a,192,0,0,0,192,192,0
ber_tlv_tag.c.obj,..\..\components\ql-kernel\libs\libql_tlv.a,220,0,0,0,220,220,0
quec_linklist.c.obj,..\..\components\ql-kernel\libs\libql_urc.a,2088,0,0,0,2088,2088,0
quec_urc.c.obj,..\..\components\ql-kernel\libs\libql_urc.a,4,0,0,2,4,4,2
base64.c.obj,..\..\components\ql-kernel\libs\libql_utils.a,188,65,0,0,253,253,0
data_conversion.c.obj,..\..\components\ql-kernel\libs\libql_utils.a,528,30,0,0,558,558,0
quec_aes.c.obj,..\..\components\ql-kernel\libs\libql_utils.a,228,148,0,0,376,376,0
quec_md5.c.obj,..\..\components\ql-kernel\libs\libql_utils.a,2130,64,0,0,2194,2194,0
quec_sha1.c.obj,..\..\components\ql-kernel\libs\libql_utils.a,246,0,0,0,246,246,0
quec_utf8.c.obj,..\..\components\ql-kernel\libs\libql_utils.a,152,0,108,0,152,260,108
quec_init.c.obj,..\..\components\ql-kernel\libs\libquectel.a,460,183,4,4,643,647,8
quec_ver.c.obj,..\..\components\ql-kernel\libs\libquectel.a,0,34,0,0,34,34,0
_aeabi_ldivmod.o,..\..\prebuilts\win32\gcc-arm-none-eabi\gcc-arm-none-eabi-9.2.1\lib\gcc\arm-none-eabi\9.2.1\thumb\v7+fp\hard\libgcc.a,160,0,0,0,160,160,0
_aeabi_uldivmod.o,..\..\prebuilts\win32\gcc-arm-none-eabi\gcc-arm-none-eabi-9.2.1\lib\gcc\arm-none-eabi\9.2.1\thumb\v7+fp\hard\libgcc.a,48,0,0,0,48,48,0
_arm_addsubdf3.o,..\..\prebuilts\win32\gcc-arm-none-eabi\gcc-arm-none-eabi-9.2.1\lib\gcc\arm-none-eabi\9.2.1\thumb\v7+fp\hard\libgcc.a,888,0,0,0,888,888,0
_ashrdi3.o,..\..\prebuilts\win32\gcc-arm-none-eabi\gcc-arm-none-eabi-9.2.1\lib\gcc\arm-none-eabi\9.2.1\thumb\v7+fp\hard\libgcc.a,28,0,0,0,28,28,0
_divsi3.o,..\..\prebuilts\win32\gcc-arm-none-eabi\gcc-arm-none-eabi-9.2.1\lib\gcc\arm-none-eabi\9.2.1\thumb\v7+fp\hard\libgcc.a,688,0,0,0,688,688,0
_dvmd_tls.o,..\..\prebuilts\win32\gcc-arm-none-eabi\gcc-arm-none-eabi-9.2.1\lib\gcc\arm-none-eabi\9.2.1\thumb\v7+fp\hard\libgcc.a,4,0,0,0,4,4,0
_fixdfdi.o,..\..\prebuilts\win32\gcc-arm-none-eabi\gcc-arm-none-eabi-9.2.1\lib\gcc\arm-none-eabi\9.2.1\thumb\v7+fp\hard\libgcc.a,48,0,0,0,48,48,0
_fixunsdfdi.o,..\..\prebuilts\win32\gcc-arm-none-eabi\gcc-arm-none-eabi-9.2.1\lib\gcc\arm-none-eabi\9.2.1\thumb\v7+fp\hard\libgcc.a,64,0,0,0,64,64,0
_udivmoddi4.o,..\..\prebuilts\win32\gcc-arm-none-eabi\gcc-arm-none-eabi-9.2.1\lib\gcc\arm-none-eabi\9.2.1\thumb\v7+fp\hard\libgcc.a,284,0,0,0,284,284,0
_udivsi3.o,..\..\prebuilts\win32\gcc-arm-none-eabi\gcc-arm-none-eabi-9.2.1\lib\gcc\arm-none-eabi\9.2.1\thumb\v7+fp\hard\libgcc.a,632,0,0,0,632,632,0
modem_lte_init.c.obj,components\modem_lte\libmodem_lte.a,1220,157,0,96,1377,1377,96
CVS_AEC.o,lib\cvs.a,2366,0,0,0,2366,2366,0
CVS_CTC.o,lib\cvs.a,10876,0,0,0,10876,10876,0
CVS_dual_enhance.o,lib\cvs.a,3852,0,0,0,3852,3852,0
CVS_enhance.o,lib\cvs.a,1228,0,0,0,1228,1228,0
CVS_ERWDAF.o,lib\cvs.a,340,0,0,0,340,340,0
CVS_fft.o,lib\cvs.a,2588,0,0,0,2588,2588,0
CVS_frame.o,lib\cvs.a,4354,0,0,0,4354,4354,0
CVS_howl.o,lib\cvs.a,556,0,0,0,556,556,0
CVS_init.o,lib\cvs.a,7332,0,0,44,7332,7332,44
CVS_log2.o,lib\cvs.a,484,0,196,0,484,680,196
CVS_mono_enhance.o,lib\cvs.a,7140,0,0,0,7140,7140,0
CVS_vad.o,lib\cvs.a,1396,0,0,0,1396,1396,0
CVS_win.o,lib\cvs.a,1924,0,0,0,1924,1924,0
CVS_enhance_recd.o,lib\cvsrecd.a,332,0,0,0,332,332,0
CVS_fft_recd.o,lib\cvsrecd.a,568,0,0,0,568,568,0
CVS_frame_recd.o,lib\cvsrecd.a,320,0,0,0,320,320,0
CVS_init_recd.o,lib\cvsrecd.a,3056,0,4,40,3056,3060,44
CVS_log2_recd.o,lib\cvsrecd.a,484,0,196,0,484,680,196
CVS_mono_enhance_recd.o,lib\cvsrecd.a,2264,0,0,0,2264,2264,0
CVS_vad_recd.o,lib\cvsrecd.a,176,0,0,0,176,176,0
CVS_win_recd.o,lib\cvsrecd.a,1416,0,0,0,1416,1416,0
app_loader.c.obj,lib\libapploader.a,1784,309,0,16,2093,2093,16
core_export.o,lib\libapploader.a,132,7064,4,0,7196,7200,4
app_start_8850.c.obj,libappstart.a,2014,303,0,9,2317,2317,9
at_cmd_cfg.c.obj,lib\libatr.a,1292,56,0,9768,1348,1348,9768
at_cmd_cfg_default.c.obj,lib\libatr.a,0,4884,0,0,4884,4884,0
at_device.c.obj,lib\libatr.a,114,0,0,0,114,114,0
at_device_diag.c.obj,lib\libatr.a,350,0,0,0,350,350,0
at_device_uart.c.obj,lib\libatr.a,2318,59,0,0,2377,2377,0
at_device_userial.c.obj,lib\libatr.a,778,31,0,0,809,809,0
at_engine.c.obj,lib\libatr.a,1664,27,0,20,1691,1691,20
at_response.c.obj,lib\libatr.a,156,0,0,0,156,156,0
at_setting.pb.c.obj,lib\libatr.a,0,1450,0,0,1450,1450,0
at_setting_codec.c.obj,lib\libatr.a,3976,0,0,0,3976,3976,0
at_cfw.c.obj,lib\libats.a,4904,1253,6,6979,6157,6163,6985
at_cmd_audio.c.obj,lib\libats.a,20,0,0,68,20,20,68
at_cmd_battery.c.obj,lib\libats.a,306,137,2,0,443,445,2
at_cmd_cc.c.obj,lib\libats.a,6800,473,80,2285,7273,7353,2365
at_cmd_debug.c.obj,lib\libats.a,264,25,0,0,289,289,0
at_cmd_efuse.c.obj,lib\libats.a,12,0,1,0,12,13,1
at_cmd_gc.c.obj,lib\libats.a,4602,913,0,0,5515,5515,0
at_cmd_gprs.c.obj,lib\libats.a,15686,2653,1,272,18339,18340,273
at_cmd_id.c.obj,lib\libats.a,544,20,0,0,564,564,0
at_cmd_lwm2m_cus.c.obj,lib\libats.a,2,0,0,0,2,2,0
at_cmd_netif.c.obj,lib\libats.a,652,296,0,0,948,948,0
at_cmd_nv.c.obj,lib\libats.a,1116,46,0,0,1162,1162,0
at_cmd_nw.c.obj,lib\libats.a,16790,1907,13,67,18697,18710,80
at_cmd_pbk.c.obj,lib\libats.a,904,19,0,0,923,923,0
at_cmd_sat.c.obj,lib\libats.a,15328,868,9,738,16196,16205,747
at_cmd_sim.c.obj,lib\libats.a,9816,1063,0,185,10879,10879,185
at_cmd_sms.c.obj,lib\libats.a,7592,830,74,171,8422,8496,245
at_cmd_ss.c.obj,lib\libats.a,4734,232,65,1,4966,5031,66
at_cmd_sysnv.c.obj,lib\libats.a,396,1302,0,0,1698,1698,0
at_cmd_vsim.c.obj,lib\libats.a,552,38,0,32,590,590,32
at_cmd_wifi.c.obj,lib\libats.a,862,226,0,0,1088,1088,0
aud_enha_exp.c.obj,lib\libaudio.a,196,0,0,16,196,196,16
audio_device.pb.c.obj,lib\libaudio.a,0,110,0,0,110,110,0
audio_driver.c.obj,lib\libaudio.a,2012,227,20,1064,2239,2259,1084
audio_nv_arm.c.obj,lib\libaudio.a,686,0,0,9,686,686,9
audio_reader.c.obj,lib\libaudio.a,678,0,0,0,678,678,0
audio_types.c.obj,lib\libaudio.a,260,108,0,0,368,368,0
audio_writer.c.obj,lib\libaudio.a,146,0,0,0,146,146,0
codec_param_nv.c.obj,lib\libaudio.a,284,0,324,4,284,608,328
cvs_ctrl_param_nv.c.obj,lib\libaudio.a,312,0,260,4,312,572,264
hal_aif.c.obj,lib\libaudio.a,3000,54,8,20,3054,3062,28
a_refl.cpp.obj,lib\libaudio_core.a,408,0,0,0,408,408,0
add.cpp.obj,lib\libaudio_core.a,40,0,0,0,40,40,0
agc.cpp.obj,lib\libaudio_core.a,696,0,0,0,696,696,0
agc2_amr_wb.cpp.obj,lib\libaudio_core.a,380,0,0,0,380,380,0
amrdecode.cpp.obj,lib\libaudio_core.a,204,0,0,0,204,204,0
amrencode.cpp.obj,lib\libaudio_core.a,374,8,0,0,382,382,0
audio_decoder_amrnb.c.obj,lib\libaudio_core.a,814,22,0,0,836,836,0
audio_decoder_amrwb.c.obj,lib\libaudio_core.a,810,25,0,0,835,835,0
audio_decoder_mp3.c.obj,lib\libaudio_core.a,11842,7891,0,0,19733,19733,0
audio_decoder_pcm.c.obj,lib\libaudio_core.a,566,0,0,0,566,566,0
audio_decoder_wav.c.obj,lib\libaudio_core.a,790,0,0,0,790,790,0
audio_encoder_amrnb.c.obj,lib\libaudio_core.a,460,0,0,0,460,460,0
audio_encoder_amrwb.c.obj,lib\libaudio_core.a,468,0,0,0,468,468,0
audio_encoder_pcm.c.obj,lib\libaudio_core.a,152,0,0,0,152,152,0
audio_encoder_wav.c.obj,lib\libaudio_core.a,616,0,0,0,616,616,0
audio_player.c.obj,lib\libaudio_core.a,2552,19,0,4,2571,2571,4
audio_recorder.c.obj,lib\libaudio_core.a,694,8,0,0,702,702,0
audio_resample.c.obj,lib\libaudio_core.a,508,0,0,0,508,508,0
audio_tonegen.c.obj,lib\libaudio_core.a,514,36,0,0,550,550,0
autocorr.c.obj,lib\libaudio_core.a,466,768,0,0,1234,1234,0
autocorr.cpp.obj,lib\libaudio_core.a,384,0,0,0,384,384,0
az_isp.c.obj,lib\libaudio_core.a,694,202,0,0,896,896,0
az_lsp.cpp.obj,lib\libaudio_core.a,504,0,0,0,504,504,0
b_cn_cod.cpp.obj,lib\libaudio_core.a,252,0,0,0,252,252,0
band_pass_6k_7k.cpp.obj,lib\libaudio_core.a,408,60,0,0,468,468,0
bgnscd.cpp.obj,lib\libaudio_core.a,388,0,0,0,388,388,0
bitno_tab.cpp.obj,lib\libaudio_core.a,0,488,0,0,488,488,0
bitreorder_tab.cpp.obj,lib\libaudio_core.a,0,2534,0,0,2534,2534,0
bits.c.obj,lib\libaudio_core.a,476,5994,0,0,6470,6470,0
c1035pf.cpp.obj,lib\libaudio_core.a,676,0,0,0,676,676,0
c2_11pf.cpp.obj,lib\libaudio_core.a,860,12,0,0,872,872,0
c2_9pf.cpp.obj,lib\libaudio_core.a,874,40,0,0,914,914,0
c2_9pf_tab.cpp.obj,lib\libaudio_core.a,0,32,0,0,32,32,0
c2t64fx.c.obj,lib\libaudio_core.a,958,0,0,0,958,958,0
c3_14pf.cpp.obj,lib\libaudio_core.a,1060,0,0,0,1060,1060,0
c4_17pf.cpp.obj,lib\libaudio_core.a,1198,0,0,0,1198,1198,0
c4t64fx.c.obj,lib\libaudio_core.a,3716,72,0,0,3788,3788,0
c8_31pf.cpp.obj,lib\libaudio_core.a,774,0,0,0,774,774,0
c_g_aver.cpp.obj,lib\libaudio_core.a,750,0,0,0,750,750,0
calc_cor.cpp.obj,lib\libaudio_core.a,194,0,0,0,194,194,0
calc_en.cpp.obj,lib\libaudio_core.a,1040,0,0,0,1040,1040,0
cbsearch.cpp.obj,lib\libaudio_core.a,562,0,0,0,562,562,0
cl_ltp.cpp.obj,lib\libaudio_core.a,450,0,0,0,450,450,0
cmnMemory.c.obj,lib\libaudio_core.a,76,0,0,0,76,76,0
cod_amr.cpp.obj,lib\libaudio_core.a,2420,60,0,0,2480,2480,0
convolve.cpp.obj,lib\libaudio_core.a,172,0,0,0,172,172,0
convolve_neon.s.obj,lib\libaudio_core.a,456,0,0,0,456,456,0
cor_h.cpp.obj,lib\libaudio_core.a,436,0,0,0,436,436,0
cor_h_vec_neon.s.obj,lib\libaudio_core.a,356,0,0,0,356,356,0
cor_h_x.c.obj,lib\libaudio_core.a,434,0,0,0,434,434,0
cor_h_x.cpp.obj,lib\libaudio_core.a,312,0,0,0,312,312,0
cor_h_x2.cpp.obj,lib\libaudio_core.a,200,0,0,0,200,200,0
corrwght_tab.cpp.obj,lib\libaudio_core.a,0,502,0,0,502,502,0
d1035pf.cpp.obj,lib\libaudio_core.a,116,0,0,0,116,116,0
d2_11pf.cpp.obj,lib\libaudio_core.a,98,0,0,0,98,98,0
d2_9pf.cpp.obj,lib\libaudio_core.a,118,0,0,0,118,118,0
d3_14pf.cpp.obj,lib\libaudio_core.a,114,0,0,0,114,114,0
d4_17pf.cpp.obj,lib\libaudio_core.a,134,0,0,0,134,134,0
d8_31pf.cpp.obj,lib\libaudio_core.a,422,0,0,0,422,422,0
d_gain_c.cpp.obj,lib\libaudio_core.a,274,0,0,0,274,274,0
d_gain_p.cpp.obj,lib\libaudio_core.a,16,0,0,0,16,16,0
d_plsf.cpp.obj,lib\libaudio_core.a,36,0,0,0,36,36,0
d_plsf_3.cpp.obj,lib\libaudio_core.a,600,0,0,0,600,600,0
d_plsf_5.cpp.obj,lib\libaudio_core.a,618,0,0,0,618,618,0
dec_acelp_2p_in_64.cpp.obj,lib\libaudio_core.a,68,0,0,0,68,68,0
dec_acelp_4p_in_64.cpp.obj,lib\libaudio_core.a,554,0,0,0,554,554,0
dec_alg_codebook.cpp.obj,lib\libaudio_core.a,964,0,0,0,964,964,0
dec_amr.cpp.obj,lib\libaudio_core.a,3216,0,0,0,3216,3216,0
dec_gain.cpp.obj,lib\libaudio_core.a,436,0,0,0,436,436,0
dec_gain2_amr_wb.cpp.obj,lib\libaudio_core.a,882,56,0,0,938,938,0
dec_input_format_tab.cpp.obj,lib\libaudio_core.a,0,64,0,0,64,64,0
dec_lag3.cpp.obj,lib\libaudio_core.a,192,0,0,0,192,192,0
dec_lag6.cpp.obj,lib\libaudio_core.a,112,0,0,0,112,112,0
decim54.c.obj,lib\libaudio_core.a,526,240,0,0,766,766,0
deemph.c.obj,lib\libaudio_core.a,78,0,0,0,78,78,0
Deemph_32_neon.s.obj,lib\libaudio_core.a,224,0,0,0,224,224,0
deemphasis_32.cpp.obj,lib\libaudio_core.a,224,0,0,0,224,224,0
div_32.cpp.obj,lib\libaudio_core.a,240,0,0,0,240,240,0
div_s.cpp.obj,lib\libaudio_core.a,88,0,0,0,88,88,0
Dot_p_neon.s.obj,lib\libaudio_core.a,308,0,0,0,308,308,0
dtx.c.obj,lib\libaudio_core.a,1974,18,0,0,1992,1992,0
dtx_dec.cpp.obj,lib\libaudio_core.a,2598,38,0,0,2636,2636,0
dtx_decoder_amr_wb.cpp.obj,lib\libaudio_core.a,1754,0,0,0,1754,1754,0
dtx_enc.cpp.obj,lib\libaudio_core.a,780,0,0,0,780,780,0
ec_gains.cpp.obj,lib\libaudio_core.a,410,28,0,0,438,438,0
enc_lag3.cpp.obj,lib\libaudio_core.a,148,0,0,0,148,148,0
enc_lag6.cpp.obj,lib\libaudio_core.a,40,0,0,0,40,40,0
enc_output_format_tab.cpp.obj,lib\libaudio_core.a,0,64,0,0,64,64,0
ets_to_if2.cpp.obj,lib\libaudio_core.a,598,0,0,0,598,598,0
ets_to_wmf.cpp.obj,lib\libaudio_core.a,876,0,0,0,876,876,0
ex_ctrl.cpp.obj,lib\libaudio_core.a,308,0,0,0,308,308,0
Filt_6k_7k_neon.s.obj,lib\libaudio_core.a,640,0,0,0,640,640,0
g_adapt.cpp.obj,lib\libaudio_core.a,292,0,0,0,292,292,0
g_code.cpp.obj,lib\libaudio_core.a,236,0,0,0,236,236,0
g_pitch.c.obj,lib\libaudio_core.a,200,0,0,0,200,200,0
g_pitch.cpp.obj,lib\libaudio_core.a,460,0,0,0,460,460,0
gain_q.cpp.obj,lib\libaudio_core.a,938,0,0,0,938,938,0
gains_tbl.cpp.obj,lib\libaudio_core.a,0,230,0,0,230,230,0
gc_pred.cpp.obj,lib\libaudio_core.a,726,16,0,0,742,742,0
get_amr_wb_bits.cpp.obj,lib\libaudio_core.a,104,0,0,0,104,104,0
get_const_tbls.cpp.obj,lib\libaudio_core.a,280,0,0,0,280,280,0
gmed_n.cpp.obj,lib\libaudio_core.a,120,0,0,0,120,120,0
gpclip.c.obj,lib\libaudio_core.a,156,0,0,0,156,156,0
gray_tbl.cpp.obj,lib\libaudio_core.a,0,32,0,0,32,32,0
grid_tbl.cpp.obj,lib\libaudio_core.a,0,122,0,0,122,122,0
highpass_400hz_at_12k8.cpp.obj,lib\libaudio_core.a,160,0,0,0,160,160,0
highpass_50hz_at_12k8.cpp.obj,lib\libaudio_core.a,188,0,0,0,188,188,0
homing.c.obj,lib\libaudio_core.a,28,0,0,0,28,28,0
homing_amr_wb_dec.cpp.obj,lib\libaudio_core.a,476,468,0,0,944,944,0
hp400.c.obj,lib\libaudio_core.a,160,0,0,0,160,160,0
hp50.c.obj,lib\libaudio_core.a,184,0,0,0,184,184,0
hp6k.c.obj,lib\libaudio_core.a,6,62,0,0,68,68,0
hp_max.cpp.obj,lib\libaudio_core.a,498,0,0,0,498,498,0
hp_wsp.c.obj,lib\libaudio_core.a,414,0,0,0,414,414,0
if2_to_ets.cpp.obj,lib\libaudio_core.a,206,0,0,0,206,206,0
int_lpc.c.obj,lib\libaudio_core.a,112,0,0,0,112,112,0
int_lpc.cpp.obj,lib\libaudio_core.a,656,0,0,0,656,656,0
int_lsf.cpp.obj,lib\libaudio_core.a,148,0,0,0,148,148,0
inter_36.cpp.obj,lib\libaudio_core.a,132,0,0,0,132,132,0
inter_36_tab.cpp.obj,lib\libaudio_core.a,0,50,0,0,50,50,0
interpolate_isp.cpp.obj,lib\libaudio_core.a,190,0,0,0,190,190,0
inv_sqrt.cpp.obj,lib\libaudio_core.a,84,0,0,0,84,84,0
inv_sqrt_tbl.cpp.obj,lib\libaudio_core.a,0,98,0,0,98,98,0
isf_extrapolation.cpp.obj,lib\libaudio_core.a,1090,0,0,0,1090,1090,0
isp_az.c.obj,lib\libaudio_core.a,1010,0,0,0,1010,1010,0
isp_az.cpp.obj,lib\libaudio_core.a,956,0,0,0,956,956,0
isp_isf.c.obj,lib\libaudio_core.a,188,514,0,0,702,702,0
isp_isf.cpp.obj,lib\libaudio_core.a,136,258,0,0,394,394,0
l_abs.cpp.obj,lib\libaudio_core.a,10,0,0,0,10,10,0
l_comp.cpp.obj,lib\libaudio_core.a,48,0,0,0,48,48,0
l_extract.cpp.obj,lib\libaudio_core.a,14,0,0,0,14,14,0
l_negate.cpp.obj,lib\libaudio_core.a,14,0,0,0,14,14,0
l_shr_r.cpp.obj,lib\libaudio_core.a,66,0,0,0,66,66,0
lag_wind.c.obj,lib\libaudio_core.a,64,64,0,0,128,128,0
lag_wind.cpp.obj,lib\libaudio_core.a,152,0,0,0,152,152,0
lag_wind_tab.cpp.obj,lib\libaudio_core.a,0,40,0,0,40,40,0
lagconceal.cpp.obj,lib\libaudio_core.a,576,0,0,0,576,576,0
levinson.c.obj,lib\libaudio_core.a,696,0,0,0,696,696,0
levinson.cpp.obj,lib\libaudio_core.a,902,0,0,0,902,902,0
log2.c.obj,lib\libaudio_core.a,124,66,0,0,190,190,0
log2.cpp.obj,lib\libaudio_core.a,30,0,0,0,30,30,0
log2_norm.cpp.obj,lib\libaudio_core.a,72,0,0,0,72,72,0
log2_tbl.cpp.obj,lib\libaudio_core.a,0,66,0,0,66,66,0
low_pass_filt_7k.cpp.obj,lib\libaudio_core.a,380,62,0,0,442,442,0
lp_dec2.c.obj,lib\libaudio_core.a,136,0,0,0,136,136,0
lpc.cpp.obj,lib\libaudio_core.a,276,0,0,0,276,276,0
lsfwt.cpp.obj,lib\libaudio_core.a,132,0,0,0,132,132,0
lsp.cpp.obj,lib\libaudio_core.a,356,0,0,0,356,356,0
lsp_avg.cpp.obj,lib\libaudio_core.a,146,0,0,0,146,146,0
lsp_az.cpp.obj,lib\libaudio_core.a,234,0,0,0,234,234,0
lsp_lsf.cpp.obj,lib\libaudio_core.a,144,0,0,0,144,144,0
lsp_lsf_tbl.cpp.obj,lib\libaudio_core.a,0,258,0,0,258,258,0
lsp_tab.cpp.obj,lib\libaudio_core.a,0,20,0,0,20,20,0
math_op.c.obj,lib\libaudio_core.a,236,164,0,0,400,400,0
median5.cpp.obj,lib\libaudio_core.a,110,0,0,0,110,110,0
mem_align.c.obj,lib\libaudio_core.a,132,0,0,0,132,132,0
mime_io.cpp.obj,lib\libaudio_core.a,488,5894,0,0,6382,6382,0
mult_r.cpp.obj,lib\libaudio_core.a,48,0,0,0,48,48,0
noise_gen_amrwb.cpp.obj,lib\libaudio_core.a,22,0,0,0,22,22,0
Norm_Corr_neon.s.obj,lib\libaudio_core.a,664,0,0,0,664,664,0
norm_l.cpp.obj,lib\libaudio_core.a,54,0,0,0,54,54,0
norm_s.cpp.obj,lib\libaudio_core.a,60,0,0,0,60,60,0
normalize_amr_wb.cpp.obj,lib\libaudio_core.a,132,0,0,0,132,132,0
ol_ltp.cpp.obj,lib\libaudio_core.a,144,0,0,0,144,144,0
oper_32b.c.obj,lib\libaudio_core.a,174,0,0,0,174,174,0
oversamp_12k8_to_16k.cpp.obj,lib\libaudio_core.a,408,192,0,0,600,600,0
p_med_ol.c.obj,lib\libaudio_core.a,792,398,0,0,1190,1190,0
p_ol_wgh.cpp.obj,lib\libaudio_core.a,950,0,0,0,950,950,0
ph_disp.cpp.obj,lib\libaudio_core.a,708,0,0,0,708,708,0
ph_disp_tab.cpp.obj,lib\libaudio_core.a,0,320,0,0,320,320,0
phase_dispersion.cpp.obj,lib\libaudio_core.a,424,256,0,0,680,680,0
pit_shrp.c.obj,lib\libaudio_core.a,40,0,0,0,40,40,0
pit_shrp.cpp.obj,lib\libaudio_core.a,84,0,0,0,84,84,0
pitch_f4.c.obj,lib\libaudio_core.a,420,64,0,0,484,484,0
pitch_fr.cpp.obj,lib\libaudio_core.a,1220,162,0,0,1382,1382,0
pitch_ol.cpp.obj,lib\libaudio_core.a,956,0,0,0,956,956,0
post_pro.cpp.obj,lib\libaudio_core.a,212,0,0,0,212,212,0
pow2.cpp.obj,lib\libaudio_core.a,88,0,0,0,88,88,0
pow2_tbl.cpp.obj,lib\libaudio_core.a,0,66,0,0,66,66,0
pre_big.cpp.obj,lib\libaudio_core.a,130,0,0,0,130,130,0
pre_proc.cpp.obj,lib\libaudio_core.a,228,0,0,0,228,228,0
pred_lt.cpp.obj,lib\libaudio_core.a,252,122,0,0,374,374,0
pred_lt4.c.obj,lib\libaudio_core.a,0,256,0,0,256,256,0
pred_lt4.cpp.obj,lib\libaudio_core.a,364,256,0,0,620,620,0
pred_lt4_1_neon.s.obj,lib\libaudio_core.a,196,0,0,0,196,196,0
preemph.c.obj,lib\libaudio_core.a,166,0,0,0,166,166,0
preemph.cpp.obj,lib\libaudio_core.a,150,0,0,0,150,150,0
preemph_amrwb_dec.cpp.obj,lib\libaudio_core.a,90,0,0,0,90,90,0
prm2bits.cpp.obj,lib\libaudio_core.a,70,0,0,0,70,70,0
pstfilt.cpp.obj,lib\libaudio_core.a,506,80,0,0,586,586,0
pvamrwb_math_op.cpp.obj,lib\libaudio_core.a,856,230,0,0,1086,1086,0
pvamrwbdecoder.cpp.obj,lib\libaudio_core.a,3700,92,0,0,3792,3792,0
q_gain2.c.obj,lib\libaudio_core.a,1098,768,0,0,1866,1866,0
q_gain2_tab.cpp.obj,lib\libaudio_core.a,0,768,0,0,768,768,0
q_gain_c.cpp.obj,lib\libaudio_core.a,216,0,0,0,216,216,0
q_gain_p.cpp.obj,lib\libaudio_core.a,210,0,0,0,210,210,0
q_plsf.cpp.obj,lib\libaudio_core.a,80,0,0,0,80,80,0
q_plsf_3.cpp.obj,lib\libaudio_core.a,896,0,0,0,896,896,0
q_plsf_3_tbl.cpp.obj,lib\libaudio_core.a,0,13000,0,0,13000,13000,0
q_plsf_5.cpp.obj,lib\libaudio_core.a,956,0,0,0,956,956,0
q_plsf_5_tbl.cpp.obj,lib\libaudio_core.a,0,7700,0,0,7700,7700,0
q_pulse.c.obj,lib\libaudio_core.a,1598,0,0,0,1598,1598,0
qgain475.cpp.obj,lib\libaudio_core.a,1266,2048,0,0,3314,3314,0
qgain475_tab.cpp.obj,lib\libaudio_core.a,0,2048,0,0,2048,2048,0
qgain795.cpp.obj,lib\libaudio_core.a,2120,0,0,0,2120,2120,0
qisf_ns.c.obj,lib\libaudio_core.a,456,1568,0,0,2024,2024,0
qisf_ns.cpp.obj,lib\libaudio_core.a,204,0,0,0,204,204,0
qisf_ns_tab.cpp.obj,lib\libaudio_core.a,0,1568,0,0,1568,1568,0
qpisf_2s.c.obj,lib\libaudio_core.a,2164,13792,0,0,15956,15956,0
qpisf_2s.cpp.obj,lib\libaudio_core.a,1228,0,0,0,1228,1228,0
qpisf_2s_tab.cpp.obj,lib\libaudio_core.a,0,13792,0,0,13792,13792,0
qua_gain.cpp.obj,lib\libaudio_core.a,806,0,0,0,806,806,0
qua_gain_tbl.cpp.obj,lib\libaudio_core.a,0,1536,0,0,1536,1536,0
random.c.obj,lib\libaudio_core.a,56,0,0,0,56,56,0
reorder.cpp.obj,lib\libaudio_core.a,36,0,0,0,36,36,0
residu.cpp.obj,lib\libaudio_core.a,190,0,0,0,190,190,0
residu_asm_neon.s.obj,lib\libaudio_core.a,264,0,0,0,264,264,0
round.cpp.obj,lib\libaudio_core.a,36,0,0,0,36,36,0
s10_8pf.cpp.obj,lib\libaudio_core.a,1608,0,0,0,1608,1608,0
scale.c.obj,lib\libaudio_core.a,132,0,0,0,132,132,0
scale_sig_neon.s.obj,lib\libaudio_core.a,356,0,0,0,356,356,0
scale_signal.cpp.obj,lib\libaudio_core.a,158,0,0,0,158,158,0
set_sign.cpp.obj,lib\libaudio_core.a,614,0,0,0,614,614,0
shr.cpp.obj,lib\libaudio_core.a,68,0,0,0,68,68,0
shr_r.cpp.obj,lib\libaudio_core.a,40,0,0,0,40,40,0
sid_sync.cpp.obj,lib\libaudio_core.a,142,0,0,0,142,142,0
sp_dec.cpp.obj,lib\libaudio_core.a,332,0,0,0,332,332,0
sp_enc.cpp.obj,lib\libaudio_core.a,248,0,0,0,248,248,0
spreproc.cpp.obj,lib\libaudio_core.a,178,0,0,0,178,178,0
spstproc.cpp.obj,lib\libaudio_core.a,260,0,0,0,260,260,0
sqrt_l.cpp.obj,lib\libaudio_core.a,148,0,0,0,148,148,0
sqrt_l_tbl.cpp.obj,lib\libaudio_core.a,0,100,0,0,100,100,0
stream.c.obj,lib\libaudio_core.a,84,0,0,0,84,84,0
sub.cpp.obj,lib\libaudio_core.a,40,0,0,0,40,40,0
syn_filt.c.obj,lib\libaudio_core.a,410,0,0,0,410,410,0
syn_filt.cpp.obj,lib\libaudio_core.a,536,0,0,0,536,536,0
Syn_filt_32_neon.s.obj,lib\libaudio_core.a,244,0,0,0,244,244,0
syn_filt_neon.s.obj,lib\libaudio_core.a,188,0,0,0,188,188,0
synthesis_amr_wb.cpp.obj,lib\libaudio_core.a,1206,32,0,0,1238,1238,0
ton_stab.cpp.obj,lib\libaudio_core.a,282,0,0,0,282,282,0
updt_tar.c.obj,lib\libaudio_core.a,68,0,0,0,68,68,0
util.c.obj,lib\libaudio_core.a,70,0,0,0,70,70,0
vad1.cpp.obj,lib\libaudio_core.a,3286,0,0,0,3286,3286,0
voAMRWBEnc.c.obj,lib\libaudio_core.a,7312,124,0,0,7436,7436,0
voice_factor.cpp.obj,lib\libaudio_core.a,378,0,0,0,378,378,0
voicefac.c.obj,lib\libaudio_core.a,318,0,0,0,318,318,0
wb_syn_filt.cpp.obj,lib\libaudio_core.a,982,0,0,0,982,982,0
wb_vad.c.obj,lib\libaudio_core.a,2516,0,0,0,2516,2516,0
weight_a.c.obj,lib\libaudio_core.a,80,0,0,0,80,80,0
weight_a.cpp.obj,lib\libaudio_core.a,42,0,0,0,42,42,0
weight_amrwb_lpc.cpp.obj,lib\libaudio_core.a,72,0,0,0,72,72,0
window_tab.cpp.obj,lib\libaudio_core.a,0,1440,0,0,1440,1440,0
wmf_to_ets.cpp.obj,lib\libaudio_core.a,108,0,0,0,108,108,0
wrapper.c.obj,lib\libaudio_core.a,200,0,0,0,200,200,0
wrapper.cpp.obj,lib\libaudio_core.a,468,8,0,0,476,476,0
audio_decoder.c.obj,lib\libaudio_media.a,202,0,0,4,202,202,4
audio_encoder.c.obj,lib\libaudio_media.a,156,0,0,0,156,156,0
block_device.c.obj,lib\libbdev.a,52,0,0,0,52,52,0
partition_block_device.c.obj,lib\libbdev.a,184,0,0,0,184,184,0
flash_block_device_v2.c.obj,lib\libbdev_core.a,2932,20,0,0,2952,2952,0
quec_boot_pin_power_domain.c.obj,lib\libboot_ex_spi6nor.a,514,29,0,0,543,543,0
quec_spi6_ext_norflash_cfg.c.obj,lib\libboot_ex_spi6nor.a,1116,285,162,6,1401,1563,168
crypto.c.obj,lib\libcalclib.a,74,0,0,0,74,74,0
sha256_mbedtls.c.obj,lib\libcalclib.a,70,0,0,0,70,70,0
simage.c.obj,lib\libcalclib.a,1122,0,0,0,1122,1122,0
simage_mbedtls.c.obj,lib\libcalclib.a,644,8,0,0,652,652,0
sm3.c.obj,lib\libcalclib.a,796,0,0,352,796,796,352
crc32.c.obj,lib\libcalclib_crc.a,252,1280,0,0,1532,1532,0
cfw_chset.c.obj,lib\libcfw.a,888,0,0,0,888,888,0
cfw_dispatch.c.obj,lib\libcfw.a,828,32,0,4,860,860,4
cfw_event_names.c.obj,lib\libcfw.a,8,1,0,0,9,9,0
cfw_general.c.obj,lib\libcfw.a,72,12,0,0,84,84,0
cfw_aom_sche.c.obj,lib\libcfw_core_modem_lte_lib.a,6994,4550,1,736,11544,11545,737
cfw_aom_util.c.obj,lib\libcfw_core_modem_lte_lib.a,1300,0,0,1148,1300,1300,1148
cfw_bal_app.c.obj,lib\libcfw_core_modem_lte_lib.a,64,0,0,8,64,64,8
cfw_bal_init.c.obj,lib\libcfw_core_modem_lte_lib.a,806,41,2,12,847,849,14
cfw_cc_main.c.obj,lib\libcfw_core_modem_lte_lib.a,8034,34,0,1,8068,8068,1
cfw_cc_tools.c.obj,lib\libcfw_core_modem_lte_lib.a,15298,175,0,0,15473,15473,0
cfw_cfg_cm.c.obj,lib\libcfw_core_modem_lte_lib.a,924,8,0,0,932,932,0
cfw_cfg_general.c.obj,lib\libcfw_core_modem_lte_lib.a,1564,66,4,0,1630,1634,4
cfw_cfg_init.c.obj,lib\libcfw_core_modem_lte_lib.a,96,0,0,0,96,96,0
cfw_cfg_main.c.obj,lib\libcfw_core_modem_lte_lib.a,250,5109,42,8,5359,5401,50
cfw_cfg_nw.c.obj,lib\libcfw_core_modem_lte_lib.a,2016,13,0,16,2029,2029,16
cfw_cfg_sim.c.obj,lib\libcfw_core_modem_lte_lib.a,388,4,0,384,392,392,384
cfw_cfg_sms.c.obj,lib\libcfw_core_modem_lte_lib.a,2712,46,0,72,2758,2758,72
cfw_emod_loct.c.obj,lib\libcfw_core_modem_lte_lib.a,1392,68,0,0,1460,1460,0
cfw_emod_tsm_api.c.obj,lib\libcfw_core_modem_lte_lib.a,544,53,0,0,597,597,0
cfw_emod_tsm_data_parse.c.obj,lib\libcfw_core_modem_lte_lib.a,1774,0,0,0,1774,1774,0
cfw_emod_tsm_proc.c.obj,lib\libcfw_core_modem_lte_lib.a,1360,0,0,0,1360,1360,0
cfw_gprs_main.c.obj,lib\libcfw_core_modem_lte_lib.a,25306,330,68,1745,25636,25704,1813
cfw_gprs_tool.c.obj,lib\libcfw_core_modem_lte_lib.a,3182,0,0,0,3182,3182,0
cfw_lgw_main.c.obj,lib\libcfw_core_modem_lte_lib.a,1472,68,0,0,1540,1540,0
cfw_md5.c.obj,lib\libcfw_core_modem_lte_lib.a,2000,0,64,0,2000,2064,64
cfw_nv.c.obj,lib\libcfw_core_modem_lte_lib.a,3142,299,0,2164,3441,3441,2164
cfw_nw_main.c.obj,lib\libcfw_core_modem_lte_lib.a,23820,908,5,82,24728,24733,87
cfw_nw_tool.c.obj,lib\libcfw_core_modem_lte_lib.a,222,0,0,0,222,222,0
cfw_psm.c.obj,lib\libcfw_core_modem_lte_lib.a,2116,86,4,1794,2202,2206,1798
cfw_rpc_ap.c.obj,lib\libcfw_core_modem_lte_lib.a,1220,0,0,4,1220,1220,4
cfw_shell_main.c.obj,lib\libcfw_core_modem_lte_lib.a,5208,195,3,113,5403,5406,116
cfw_sim.c.obj,lib\libcfw_core_modem_lte_lib.a,4486,5437,76,0,9923,9999,76
cfw_sim_boot_api.c.obj,lib\libcfw_core_modem_lte_lib.a,18916,1056,3272,11,19972,23244,3283
cfw_sim_boot_pro.c.obj,lib\libcfw_core_modem_lte_lib.a,11802,131,18,575,11933,11951,593
cfw_sim_chv_api.c.obj,lib\libcfw_core_modem_lte_lib.a,2294,167,12,0,2461,2473,12
cfw_sim_chv_pro.c.obj,lib\libcfw_core_modem_lte_lib.a,2580,0,0,0,2580,2580,0
cfw_sim_mis_api.c.obj,lib\libcfw_core_modem_lte_lib.a,3524,487,0,45,4011,4011,45
cfw_sim_mis_pro.c.obj,lib\libcfw_core_modem_lte_lib.a,10910,69,0,5,10979,10979,5
cfw_sim_pbk_api.c.obj,lib\libcfw_core_modem_lte_lib.a,836,234,0,0,1070,1070,0
cfw_sim_pbk_pro.c.obj,lib\libcfw_core_modem_lte_lib.a,3344,484,0,0,3828,3828,0
cfw_sim_sat.c.obj,lib\libcfw_core_modem_lte_lib.a,18390,60,6,138,18450,18456,144
cfw_sim_sat_api.c.obj,lib\libcfw_core_modem_lte_lib.a,2200,42,0,8,2242,2242,8
cfw_sim_sat_pro.c.obj,lib\libcfw_core_modem_lte_lib.a,2284,0,1,0,2284,2285,1
cfw_sim_sms_api.c.obj,lib\libcfw_core_modem_lte_lib.a,2508,310,0,0,2818,2818,0
cfw_sim_sms_pro.c.obj,lib\libcfw_core_modem_lte_lib.a,10136,413,0,8,10549,10549,8
cfw_sms_db.c.obj,lib\libcfw_core_modem_lte_lib.a,1530,41,4,0,1571,1575,4
cfw_sms_main.c.obj,lib\libcfw_core_modem_lte_lib.a,11764,1028,1,4,12792,12793,5
cfw_sms_mmi.c.obj,lib\libcfw_core_modem_lte_lib.a,2432,142,0,11,2574,2574,11
cfw_sms_tool.c.obj,lib\libcfw_core_modem_lte_lib.a,13276,371,0,0,13647,13647,0
cfw_ss_main.c.obj,lib\libcfw_core_modem_lte_lib.a,13648,10946,0,0,24594,24594,0
cfw_task.c.obj,lib\libcfw_core_modem_lte_lib.a,512,9,0,14,521,521,14
cfw_usim_pro.c.obj,lib\libcfw_core_modem_lte_lib.a,2962,5,0,0,2967,2967,0
sms_dm_local.c.obj,lib\libcfw_core_modem_lte_lib.a,38,0,0,0,38,38,0
sms_dm_nv.c.obj,lib\libcfw_core_modem_lte_lib.a,1324,14,0,14,1338,1338,14
sprd_ce.c.obj,lib\libcrypto.a,3874,226,0,20,4100,4100,20
sprd_crypto.c.obj,lib\libcrypto.a,588,283,0,80,871,871,80
sprd_ecc_core.c.obj,lib\libcrypto.a,5046,0,0,0,5046,5046,0
sprd_ecc_pka.c.obj,lib\libcrypto.a,424,0,0,0,424,424,0
sprd_pal_plat.c.obj,lib\libcrypto.a,36,0,0,0,36,36,0
sprd_pka.c.obj,lib\libcrypto.a,308,0,0,0,308,308,0
sprd_queue.c.obj,lib\libcrypto.a,164,122,0,0,286,286,0
sprd_sm2_core.c.obj,lib\libcrypto.a,5224,0,0,0,5224,5224,0
sprd_utils.c.obj,lib\libcrypto.a,26,0,0,0,26,26,0
diag.c.obj,lib\libdiag.a,1072,0,0,4132,1072,1072,4132
diag_at.c.obj,lib\libdiag.a,336,0,0,0,336,336,0
diag_camera.c.obj,lib\libdiag.a,754,12,0,60,766,766,60
diag_charge.c.obj,lib\libdiag.a,274,0,0,0,274,274,0
diag_current_test.c.obj,lib\libdiag.a,200,0,0,4,200,200,4
diag_debug_readwrite.c.obj,lib\libdiag.a,502,0,0,2048,502,502,2048
diag_log.c.obj,lib\libdiag.a,44,0,0,0,44,44,0
diag_nvm.c.obj,lib\libdiag.a,1580,22,0,536,1602,1602,536
diag_runmode.c.obj,lib\libdiag.a,456,0,0,0,456,456,0
diag_swver.c.obj,lib\libdiag.a,160,159,0,0,319,319,0
diag_sys.c.obj,lib\libdiag.a,2102,0,0,0,2102,2102,0
layer1_diag.c.obj,lib\libdiag.a,388,0,0,0,388,388,0
drv_axidma_8850.c.obj,lib\libdriver.a,800,16,0,156,816,816,156
drv_camera.c.obj,lib\libdriver.a,1422,0,0,12,1422,1422,12
drv_debug_ifc_uart.c.obj,lib\libdriver.a,1796,36,0,4,1832,1832,4
drv_debug_port.c.obj,lib\libdriver.a,106,0,0,4,106,106,4
drv_debug_userial.c.obj,lib\libdriver.a,2862,148,696,0,3010,3706,696
drv_debughost.c.obj,lib\libdriver.a,1360,36,0,608,1396,1396,608
drv_efuse_8850.c.obj,lib\libdriver.a,276,0,0,0,276,276,0
drv_gpio_8850.c.obj,lib\libdriver.a,1396,16,0,244,1412,1412,244
drv_gpt_8850.c.obj,lib\libdriver.a,1334,16,0,396,1350,1350,396
drv_host_cmd.c.obj,lib\libdriver.a,532,0,0,0,532,532,0
drv_host_cmd_rw.c.obj,lib\libdriver.a,428,0,0,0,428,428,0
drv_i2c.c.obj,lib\libdriver.a,2044,337,0,84,2381,2381,84
drv_ifc.c.obj,lib\libdriver.a,776,304,36,5,1080,1116,41
drv_ifc_uart.c.obj,lib\libdriver.a,4456,342,8,2,4798,4806,10
drv_keypad.c.obj,lib\libdriver.a,546,0,2,12,546,548,14
drv_lcd.c.obj,lib\libdriver.a,2180,194,16,200,2374,2390,216
drv_lcd_st7789h2.c.obj,lib\libdriver.a,1452,40,32,0,1492,1524,32
drv_lcd_st7789v.c.obj,lib\libdriver.a,1448,414,32,0,1862,1894,32
drv_lcd_v2.c.obj,lib\libdriver.a,2596,0,0,64,2596,2596,64
drv_md_nvm.c.obj,lib\libdriver.a,1004,27,0,24,1031,1031,24
drv_modem_log_buf.c.obj,lib\libdriver.a,246,27,0,0,273,273,0
drv_pmic_intr_8850.c.obj,lib\libdriver.a,688,0,0,292,688,688,292
drv_ps_path_md.c.obj,lib\libdriver.a,294,0,0,4532,294,294,4532
drv_pwrkey_2720.c.obj,lib\libdriver.a,272,0,0,16,272,272,16
drv_rng.c.obj,lib\libdriver.a,96,0,8,0,96,104,8
drv_rtc.c.obj,lib\libdriver.a,2632,92,0,72,2724,2724,72
drv_rtc.pb.c.obj,lib\libdriver.a,0,120,0,0,120,120,0
drv_rtc_8850.c.obj,lib\libdriver.a,640,0,0,0,640,640,0
drv_serial.c.obj,lib\libdriver.a,670,36,4,360,706,710,364
drv_spi_8850.c.obj,lib\libdriver.a,4630,305,0,465,4935,4935,465
drv_usb_8850.cpp.obj,lib\libdriver.a,1552,11,0,4,1563,1563,4
drv_wdt_uip8850.c.obj,lib\libdriver.a,426,14,0,16,440,440,16
ecm_data.c.obj,lib\libdriver.a,678,0,0,0,678,678,0
f_ecm.c.obj,lib\libdriver.a,1696,196,119,0,1892,2011,119
f_rndis.c.obj,lib\libdriver.a,2096,106,98,0,2202,2300,98
f_serial.c.obj,lib\libdriver.a,986,68,8,0,1054,1062,8
rndis.c.obj,lib\libdriver.a,1680,112,0,0,1792,1792,0
rndis_data.c.obj,lib\libdriver.a,906,0,0,0,906,906,0
udc.c.obj,lib\libdriver.a,412,0,0,512,412,412,512
udc_dwc.c.obj,lib\libdriver.a,7000,211,1,1760,7211,7212,1761
usb_composite_device.c.obj,lib\libdriver.a,2328,19,24,0,2347,2371,24
usb_ether.c.obj,lib\libdriver.a,2936,65,0,0,3001,3001,0
usb_platform_8850.c.obj,lib\libdriver.a,638,0,0,0,638,638,0
usb_serial.c.obj,lib\libdriver.a,3652,63,0,0,3715,3715,0
camera_bf20a6.c.obj,lib\libdriver_camera.a,2022,592,120,1,2614,2734,121
camera_bf30a2.c.obj,lib\libdriver_camera.a,2028,247,120,1,2275,2395,121
camera_gc0310.c.obj,lib\libdriver_camera.a,3134,1255,120,4,4389,4509,124
camera_gc032a.c.obj,lib\libdriver_camera.a,2010,689,120,1,2699,2819,121
image_sensor.c.obj,lib\libdriver_camera.a,1104,56,17,88,1160,1177,105
drv_adc_8850.c.obj,lib\libdriver_charge_adc.a,1712,0,23,10,1712,1735,33
drv_charger_8850.c.obj,lib\libdriver_charge_adc.a,3734,161,48,260,3895,3943,308
drv_lcd_cfg.c.obj,lib\libdriver_lcd.a,292,36,22,0,328,350,22
drv_lcd_gc9305.c.obj,lib\libdriver_lcd.a,1884,40,32,3,1924,1956,35
drv_lcd_st7567a.c.obj,lib\libdriver_lcd.a,680,447,0,0,1127,1127,0
drv_lcd_st7735s.c.obj,lib\libdriver_lcd.a,1544,40,32,0,1584,1616,32
drv_host_cmd_sys.c.obj,lib\libdrv_host.a,1476,0,0,0,1476,1476,0
drv_efuse.c.obj,lib\libefuse_secure.a,150,0,0,4,150,150,4
drv_secure_8850.c.obj,lib\libefuse_secure.a,722,0,2,0,722,724,2
fatfs_portable.c.obj,lib\libfatfs.a,534,686,0,24,1220,1220,24
fatfs_vfs.c.obj,lib\libfatfs.a,346,21,1,0,367,368,1
ff.c.obj,lib\libfatfs.a,6420,122,0,531,6542,6542,531
compress_sfile.c.obj,lib\libfs.a,496,5,0,0,501,501,0
sffs_vfs.c.obj,lib\libfs.a,1068,116,0,0,1184,1184,0
vfs.c.obj,lib\libfs.a,4184,59,192,137,4243,4435,329
partinfo.bin.S.obj,lib\libfs_partinfo.a,352,0,0,0,352,352,0
ql_fs_part_info.c.obj,lib\libfs_partinfo.a,16,0,0,0,16,16,0
fs_mount.c.obj,lib\libfsmount.a,1476,38,1,12,1514,1515,13
fupdate_app.c.obj,lib\libfupdate_core.a,1950,8,0,0,1958,1958,0
fupdate_common.c.obj,lib\libfupdate_core.a,1102,64,16,0,1166,1182,16
fupdate_security_app.c.obj,lib\libfupdate_security_app.a,4,0,0,0,4,4,0
fupdate_security_pack.c.obj,lib\libfupdate_security_app.a,168,16,0,1,184,184,1
hal_adi_bus.c.obj,lib\libhal.a,568,4,0,0,572,572,0
hal_blue_screen.c.obj,lib\libhal.a,172,16,94,0,188,282,94
hal_bscore.c.obj,lib\libhal.a,1028,8,0,0,1036,1036,0
hal_chip.c.obj,lib\libhal.a,1930,29,712,0,1959,2671,712
hal_clock_init.c.obj,lib\libhal.a,1724,4,0,0,1728,1728,0
hal_cp_ctrl.c.obj,lib\libhal.a,1144,118,0,0,1262,1262,0
hal_efuse.c.obj,lib\libhal.a,288,0,0,0,288,288,0
hal_efuse_cache.c.obj,lib\libhal.a,1088,24,0,1244,1112,1112,1244
hal_gouda.c.obj,lib\libhal.a,2084,0,5,27,2084,2089,32
hal_hw_map.c.obj,lib\libhal.a,52,1576,0,0,1628,1628,0
hal_hwspinlock.c.obj,lib\libhal.a,166,0,0,0,166,166,0
hal_lzma.c.obj,lib\libhal.a,494,0,0,0,494,494,0
hal_pmu.c.obj,lib\libhal.a,8126,353,8,5,8479,8487,13
hal_sim.c.obj,lib\libhal.a,356,80,0,0,436,436,0
hal_iomux.c.obj,lib\libhal_prop.a,1124,1070,1076,1464,2194,3270,2540
hal_mmu.c.obj,lib\libhal_prop.a,896,32,0,0,928,928,0
hal_shmem_region.c.obj,lib\libhal_prop.a,1096,100,0,8,1196,1196,8
ql_hal_spi_flash_prop.c.obj,lib\libhal_prop.a,32,3,584,8,35,619,592
ids.c.obj,lib\libids_core.a,3586,663,0,92,4249,4249,92
cJSON.c.obj,lib\libjson.a,4154,39,12,8,4193,4205,20
osi_boot.c.obj,lib\libkernel.a,3498,13,0,12897,3511,3511,12897
osi_chip.c.obj,lib\libkernel.a,512,11,0,16,523,523,16
osi_clock.c.obj,lib\libkernel.a,690,0,0,40,690,690,40
osi_cxxabi.cpp.obj,lib\libkernel.a,44,0,0,0,44,44,0
osi_idle.c.obj,lib\libkernel.a,8,0,0,0,8,8,0
osi_sleep.c.obj,lib\libkernel.a,3814,172,0,28748,3986,3986,28748
osi_sysnv.c.obj,lib\libkernel.a,1016,16,28,28,1032,1060,56
osi_sysnv.pb.c.obj,lib\libkernel.a,0,260,0,0,260,260,0
osi_time.c.obj,lib\libkernel.a,1398,12,0,24,1410,1410,24
panel_gc9305.c.obj,lib\liblcdpanel.a,1150,55,0,0,1205,1205,0
panel_gc9306.c.obj,lib\liblcdpanel.a,1150,55,0,0,1205,1205,0
def.c.obj,lib\liblwip.a,66,0,0,0,66,66,0
dhcp.c.obj,lib\liblwip.a,6174,721,0,63,6895,6895,63
dns.c.obj,lib\liblwip.a,7898,744,0,2659,8642,8642,2659
err.c.obj,lib\liblwip.a,60,445,0,0,505,505,0
etharp.c.obj,lib\liblwip.a,2612,502,0,242,3114,3114,242
ethernet.c.obj,lib\liblwip.a,580,108,0,0,688,688,0
icmp.c.obj,lib\liblwip.a,808,192,0,0,1000,1000,0
icmp6.c.obj,lib\liblwip.a,816,169,0,0,985,985,0
if_api.c.obj,lib\liblwip.a,4,0,0,0,4,4,0
inet_chksum.c.obj,lib\liblwip.a,442,0,0,0,442,442,0
init.c.obj,lib\liblwip.a,38,0,0,0,38,38,0
ip.c.obj,lib\liblwip.a,90,24,0,68,114,114,68
ip4.c.obj,lib\liblwip.a,1556,103,0,6,1659,1659,6
ip4_addr.c.obj,lib\liblwip.a,638,99,0,16,737,737,16
ip4_frag.c.obj,lib\liblwip.a,2456,446,0,7,2902,2902,7
ip4_nat.c.obj,lib\liblwip.a,4582,136,6,32,4718,4724,38
ip6.c.obj,lib\liblwip.a,3530,92,0,0,3622,3622,0
ip6_addr.c.obj,lib\liblwip.a,836,32,0,40,868,868,40
ip6_frag.c.obj,lib\liblwip.a,2708,311,0,11,3019,3019,11
lwiperf.c.obj,lib\liblwip.a,2346,2010,0,4,4356,4356,4
mem.c.obj,lib\liblwip.a,140,114,0,0,254,254,0
memp.c.obj,lib\liblwip.a,234,565,0,0,799,799,0
mld6.c.obj,lib\liblwip.a,1368,0,0,1,1368,1368,1
nd6.c.obj,lib\liblwip.a,7432,91,8,2276,7523,7531,2284
netdb.c.obj,lib\liblwip.a,1134,0,0,317,1134,1134,317
netif.c.obj,lib\liblwip.a,3118,799,0,449,3917,3917,449
pbuf.c.obj,lib\liblwip.a,2514,911,0,1,3425,3425,1
raw.c.obj,lib\liblwip.a,1968,234,0,4,2202,2202,4
sockets.c.obj,lib\liblwip.a,23592,3585,12,724,27177,27189,736
tcp.c.obj,lib\liblwip.a,9008,2199,6,24,11207,11213,30
tcp_in.c.obj,lib\liblwip.a,9124,917,0,58,10041,10041,58
tcp_out.c.obj,lib\liblwip.a,7410,1860,0,0,9270,9270,0
tcpip.c.obj,lib\liblwip.a,476,208,0,8,684,684,8
timeouts.c.obj,lib\liblwip.a,204,209,0,4,413,413,4
udp.c.obj,lib\liblwip.a,3932,710,2,4,4642,4644,6
lz4.c.obj,lib\liblz4.a,3528,64,0,0,3592,3592,0
lz4lite.c.obj,lib\liblz4.a,162,0,0,0,162,162,0
mal_cfw.c.obj,lib\libmal.a,316,0,0,0,316,316,0
mal_engine.c.obj,lib\libmal.a,340,41,0,4,381,381,4
mal_sms.c.obj,lib\libmal.a,632,0,0,4,632,632,4
arc4.c.obj,lib\libmbedtls.a,164,0,0,0,164,164,0
asn1parse.c.obj,lib\libmbedtls.a,968,0,0,0,968,968,0
asn1write.c.obj,lib\libmbedtls.a,608,0,0,0,608,608,0
base64.c.obj,lib\libmbedtls.a,580,0,0,0,580,580,0
bignum.c.obj,lib\libmbedtls.a,8758,672,0,0,9430,9430,0
blowfish.c.obj,lib\libmbedtls.a,934,4168,0,0,5102,5102,0
camellia.c.obj,lib\libmbedtls.a,2222,1304,0,0,3526,3526,0
ccm.c.obj,lib\libmbedtls.a,1082,0,0,0,1082,1082,0
chacha20.c.obj,lib\libmbedtls.a,1092,0,0,0,1092,1092,0
chachapoly.c.obj,lib\libmbedtls.a,746,0,0,0,746,746,0
cipher.c.obj,lib\libmbedtls.a,2276,0,0,0,2276,2276,0
cipher_wrap.c.obj,lib\libmbedtls.a,762,3348,0,0,4110,4110,0
constant_time.c.obj,lib\libmbedtls.a,1436,0,0,0,1436,1436,0
ctr_drbg.c.obj,lib\libmbedtls.a,1076,0,0,0,1076,1076,0
des.c.obj,lib\libmbedtls.a,3202,2176,0,0,5378,5378,0
dhm.c.obj,lib\libmbedtls.a,1370,0,0,0,1370,1370,0
ecdh.c.obj,lib\libmbedtls.a,808,0,0,0,808,808,0
ecdsa.c.obj,lib\libmbedtls.a,1574,17,0,0,1591,1591,0
ecdsa_sm2.c.obj,lib\libmbedtls.a,532,192,4,0,724,728,4
ecp.c.obj,lib\libmbedtls.a,6968,396,0,18,7364,7364,18
ecp_curves.c.obj,lib\libmbedtls.a,5786,2276,28,0,8062,8090,28
entropy.c.obj,lib\libmbedtls.a,690,0,0,0,690,690,0
entropy_poll.c.obj,lib\libmbedtls.a,70,0,0,0,70,70,0
gcm.c.obj,lib\libmbedtls.a,1686,128,0,0,1814,1814,0
havege.c.obj,lib\libmbedtls.a,3632,0,0,0,3632,3632,0
hmac_drbg.c.obj,lib\libmbedtls.a,702,0,0,0,702,702,0
mbed_aes.c.obj,lib\libmbedtls.a,4400,0,0,8748,4400,4400,8748
mbed_debug.c.obj,lib\libmbedtls.a,1406,186,0,4,1592,1592,4
mbed_sha256.c.obj,lib\libmbedtls.a,2408,256,0,0,2664,2664,0
md.c.obj,lib\libmbedtls.a,1096,126,0,0,1222,1222,0
md5.c.obj,lib\libmbedtls.a,2730,0,0,0,2730,2730,0
net_sockets.c.obj,lib\libmbedtls.a,1424,0,0,0,1424,1424,0
oid.c.obj,lib\libmbedtls.a,906,4962,0,0,5868,5868,0
pem.c.obj,lib\libmbedtls.a,1384,150,0,0,1534,1534,0
pk.c.obj,lib\libmbedtls.a,734,27,0,0,761,761,0
pk_wrap.c.obj,lib\libmbedtls.a,714,236,0,0,950,950,0
pkcs12.c.obj,lib\libmbedtls.a,1160,0,0,0,1160,1160,0
pkcs5.c.obj,lib\libmbedtls.a,794,10,0,0,804,804,0
pkparse.c.obj,lib\libmbedtls.a,3438,291,0,0,3729,3729,0
pkwrite.c.obj,lib\libmbedtls.a,520,0,0,0,520,520,0
platform.c.obj,lib\libmbedtls.a,56,0,8,0,56,64,8
platform_util.c.obj,lib\libmbedtls.a,44,0,4,0,44,48,4
poly1305.c.obj,lib\libmbedtls.a,1488,0,0,0,1488,1488,0
ripemd160.c.obj,lib\libmbedtls.a,5804,64,0,0,5868,5868,0
rsa.c.obj,lib\libmbedtls.a,6822,0,0,0,6822,6822,0
rsa_internal.c.obj,lib\libmbedtls.a,1520,55,0,0,1575,1575,0
sha1.c.obj,lib\libmbedtls.a,4512,0,0,0,4512,4512,0
sha512.c.obj,lib\libmbedtls.a,4504,640,0,0,5144,5144,0
ssl_ciphersuites.c.obj,lib\libmbedtls.a,214,10858,0,596,11072,11072,596
ssl_cli.c.obj,lib\libmbedtls.a,11482,5202,0,0,16684,16684,0
ssl_msg.c.obj,lib\libmbedtls.a,15542,7154,0,0,22696,22696,0
ssl_srv.c.obj,lib\libmbedtls.a,11236,4328,0,0,15564,15564,0
ssl_tls.c.obj,lib\libmbedtls.a,13102,2879,51,0,15981,16032,51
timing.c.obj,lib\libmbedtls.a,190,0,0,20,190,190,20
version.c.obj,lib\libmbedtls.a,6,0,0,0,6,6,0
x509.c.obj,lib\libmbedtls.a,2402,69,0,0,2471,2471,0
x509_crt.c.obj,lib\libmbedtls.a,6844,2216,0,0,9060,9060,0
ml.c.obj,lib\libml.a,420,0,0,4,420,420,4
ml_cp936.c.obj,lib\libml.a,216,15920,24,0,16136,16160,24
ml_gsm.c.obj,lib\libml.a,236,532,24,0,768,792,24
ml_ira.c.obj,lib\libml.a,60,0,24,0,60,84,24
ml_iso8859_1.c.obj,lib\libml.a,46,0,24,0,46,70,24
ml_utf16.c.obj,lib\libml.a,300,0,48,0,300,348,48
ml_utf8.c.obj,lib\libml.a,370,0,24,0,370,394,24
pb_common.c.obj,lib\libnanopb.a,204,0,0,0,204,204,0
pb_decode.c.obj,lib\libnanopb.a,2946,361,0,0,3307,3307,0
pb_encode.c.obj,lib\libnanopb.a,1746,193,0,0,1939,1939,0
pb_util.c.obj,lib\libnanopb.a,204,0,0,0,204,204,0
dhcp_reply.c.obj,lib\libnet.a,2424,1078,0,2,3502,3502,2
lwip_data_event.c.obj,lib\libnet.a,484,0,0,8,484,484,8
nd6_reply.c.obj,lib\libnet.a,3276,274,50,200,3550,3600,250
netdev_interface.c.obj,lib\libnet.a,2770,61,44,45,2831,2875,89
netdev_interface_nat_lan.c.obj,lib\libnet.a,2270,74,0,76,2344,2344,76
netif_gprs.c.obj,lib\libnet.a,2290,41,0,6123,2331,2331,6123
netif_nat_lan_lwip.c.obj,lib\libnet.a,1524,149,0,6104,1673,1673,6104
netif_nat_wan.c.obj,lib\libnet.a,2380,139,0,0,2519,2519,0
netif_psm.c.obj,lib\libnet.a,1628,38,0,5,1666,1666,5
netmain.c.obj,lib\libnet.a,778,88,0,4,866,866,4
netutils.c.obj,lib\libnet.a,134,0,0,0,134,134,0
nonip.c.obj,lib\libnet.a,272,0,0,224,272,272,224
ppp6_reply.c.obj,lib\libnet.a,696,0,0,0,696,696,0
ppp_interface.c.obj,lib\libnet.a,6,0,0,0,6,6,0
cfw_sockets_api.c.obj,lib\libnet_src_lwip.a,2300,0,0,576,2300,2300,576
lwipports.c.obj,lib\libnet_src_lwip.a,946,0,0,24,946,946,24
nvm.c.obj,lib\libnvm.a,2276,1506,0,0,3782,3782,0
nvm_deltanv.c.obj,lib\libnvm.a,1878,106,0,3,1984,1984,3
nvm_imei.c.obj,lib\libnvm.a,302,0,0,0,302,302,0
quec_customer_cfg.c.obj,lib\liboql_core_drv.a,0,479,85,1,479,564,86
quec_internal_cfg.c.obj,lib\liboql_core_drv.a,0,249,258,0,249,507,258
quec_pin_cfg_EG800G.c.obj,lib\liboql_core_drv.a,0,1187,0,0,1187,1187,0
quec_pin_init.c.obj,lib\liboql_core_drv.a,248,20,0,0,268,268,0
quec_virt_func_bsp.c.obj,lib\liboql_core_virt_func.a,46,0,0,5,46,46,5
quec_virt_func_bt.c.obj,lib\liboql_core_virt_func.a,10,0,0,1,10,10,1
quec_virt_func_modem.c.obj,lib\liboql_core_virt_func.a,152,0,0,9,152,152,9
quec_virt_func_proto_stack.c.obj,lib\liboql_core_virt_func.a,224,0,0,0,224,224,0
base41.c.obj,lib\libosi_core.a,244,70,0,0,314,314,0
cyphertext.c.obj,lib\libosi_core.a,536,19,0,0,555,555,0
osi_mem.c.obj,lib\libosi_core.a,3374,0,0,69,3374,3374,69
osi_timer.c.obj,lib\libosi_core.a,3444,7,0,56,3451,3451,56
osi_blocked_fifo.c.obj,lib\libosi_lib.a,1414,0,0,0,1414,1414,0
osi_event_hub.c.obj,lib\libosi_lib.a,780,70,0,0,850,850,0
osi_fifo.c.obj,lib\libosi_lib.a,302,0,0,0,302,302,0
osi_hdlc.c.obj,lib\libosi_lib.a,658,0,0,0,658,658,0
osi_log.c.obj,lib\libosi_lib.a,2152,55,0,85,2207,2207,85
osi_mem_record.c.obj,lib\libosi_lib.a,72,4,0,8196,76,76,8196
osi_mem_recycler.c.obj,lib\libosi_lib.a,128,0,0,0,128,128,0
osi_order_list.c.obj,lib\libosi_lib.a,530,0,0,0,530,530,0
osi_pipe.c.obj,lib\libosi_lib.a,1198,101,0,0,1299,1299,0
osi_trace.c.obj,lib\libosi_lib.a,1396,0,0,197304,1396,1396,197304
osi_vsmap.c.obj,lib\libosi_lib.a,180,0,0,0,180,180,0
osi_work.c.obj,lib\libosi_lib.a,990,18,0,12,1008,1008,12
quec_atc_search.c.obj,lib\libql_at_list.a,292,4444,0,8,4736,4736,8
quec_codec_cfg.c.obj,lib\libql_codec_cfg.a,1264,382,772,0,1646,2418,772
event_groups.c.obj,lib\libql_kernel_cfg.a,536,0,0,0,536,536,0
list.c.obj,lib\libql_kernel_cfg.a,132,0,0,0,132,132,0
osi_freertos.c.obj,lib\libql_kernel_cfg.a,2962,85,0,13108,3047,3047,13108
queue.c.obj,lib\libql_kernel_cfg.a,1958,0,0,0,1958,1958,0
tasks.c.obj,lib\libql_kernel_cfg.a,5082,173,4,1276,5255,5259,1280
timers.c.obj,lib\libql_kernel_cfg.a,802,8,0,220,810,810,220
ql_atcmd_handler.c.obj,lib\libql_open_at.a,168,60,0,0,228,228,0
quec_spi_nor_flash_prop.c.obj,lib\libql_spi4_nor_prop.a,24,0,200,0,24,224,200
antiregl.c.obj,lib\librpc_core_modem_lte_lib.a,1732,313,1,4,2045,2046,5
rpc_aud.c.obj,lib\librpc_core_modem_lte_lib.a,60,0,0,0,60,60,0
rpc_daemon.c.obj,lib\librpc_core_modem_lte_lib.a,1652,67,0,8,1719,1719,8
rpc_dispatch_ap.c.obj,lib\librpc_core_modem_lte_lib.a,136,2421,0,0,2557,2557,0
srv_fs_trace.c.obj,lib\libservice.a,3506,1567,0,20,5073,5073,20
srv_keypad.c.obj,lib\libservice.a,696,0,0,4,696,696,4
srv_pm.c.obj,lib\libservice.a,1526,76,0,5,1602,1602,5
srv_pm_main.c.obj,lib\libservice.a,112,0,0,4,112,112,4
srv_rc26m_calib.c.obj,lib\libservice.a,228,114,0,4,342,342,4
srv_sim_detect.c.obj,lib\libservice.a,812,108,0,48,920,920,48
srv_usb_8850.c.obj,lib\libservice.a,116,0,0,0,116,116,0
srv_wdt.c.obj,lib\libservice.a,176,0,8,0,176,184,8
antiaes.c.obj,lib\libsffs_core.a,12,256,0,0,268,268,0
LzFind.c.obj,lib\libsffs_core.a,3142,0,0,0,3142,3142,0
LzmaEnc.c.obj,lib\libsffs_core.a,9256,192,0,0,9448,9448,0
lzmar.c.obj,lib\libsffs_core.a,274,0,12,0,274,286,12
sffs.c.obj,lib\libsffs_core.a,10858,0,1,0,10858,10859,1
sm4.c.obj,lib\libsffs_core.a,670,384,0,0,1054,1054,0
sha256.c.obj,lib\libsimlock_core.a,7626,0,64,0,7626,7690,64
ql_xlat_clat.c.obj,lib\libxlat.a,5580,197,0,4,5777,5777,4
ql_xlat_dns64.c.obj,lib\libxlat.a,2554,4,0,0,2558,2558,0
api.o,lib\modem_lte_lib.a,1840,16,0,2328,1856,1856,2328
api_capa.o,lib\modem_lte_lib.a,1044,0,0,126,1044,1044,126
api_evt.o,lib\modem_lte_lib.a,2316,10762,0,0,13078,13078,0
api_fsm.o,lib\modem_lte_lib.a,0,651,32,0,651,683,32
api_gene.o,lib\modem_lte_lib.a,2596,33,0,0,2629,2629,0
api_out.o,lib\modem_lte_lib.a,312,0,0,0,312,312,0
api_tran.o,lib\modem_lte_lib.a,18602,82,0,42,18684,18684,42
api_util.o,lib\modem_lte_lib.a,180,0,0,0,180,180,0
asn20mem.o,lib\modem_lte_lib.a,4,0,0,0,4,4,0
eas_pub_dba.o,lib\modem_lte_lib.a,318,0,0,0,318,318,0
eas_pub_osi_wrap.o,lib\modem_lte_lib.a,42,0,0,0,42,42,0
fsm.o,lib\modem_lte_lib.a,1910,0,0,0,1910,1910,0
fsm_2g.o,lib\modem_lte_lib.a,446,27,0,0,473,473,0
hal_cp_ifc.o,lib\modem_lte_lib.a,392,0,0,4,392,392,4
hal_cq_f8.o,lib\modem_lte_lib.a,1102,96,16,28,1198,1214,44
hal_lps_lte1slp.o,lib\modem_lte_lib.a,92,0,0,0,92,92,0
hal_lps_lte2slp.o,lib\modem_lte_lib.a,96,0,0,0,96,96,0
hal_sim.o,lib\modem_lte_lib.a,3684,73,16,144,3757,3773,160
hal_timer.o,lib\modem_lte_lib.a,8,0,0,0,8,8,0
lcr_nas.o,lib\modem_lte_lib.a,188348,1906,671,17788,190254,190925,18459
lte_rco.o,lib\modem_lte_lib.a,2730,611,0,633,3341,3341,633
lte_rrc_wb.o,lib\modem_lte_lib.a,227010,6142,288,659,233152,233440,947
md_ipc_func.o,lib\modem_lte_lib.a,1984,73,16,4248,2057,2073,4264
mssc.o,lib\modem_lte_lib.a,254,16,0,49,270,270,49
mssc_busy.o,lib\modem_lte_lib.a,44,0,0,0,44,44,0
mssc_evt.o,lib\modem_lte_lib.a,128,297,0,0,425,425,0
mssc_fsm.o,lib\modem_lte_lib.a,0,135,16,0,135,151,16
mssc_func.o,lib\modem_lte_lib.a,1340,45,0,0,1385,1385,0
mssc_gene.o,lib\modem_lte_lib.a,204,0,0,0,204,204,0
mssc_idle.o,lib\modem_lte_lib.a,96,0,0,0,96,96,0
mssc_out.o,lib\modem_lte_lib.a,120,4,0,0,124,124,0
nvm_v2.o,lib\modem_lte_lib.a,188,25,0,0,213,213,0
osi_timer_new.o,lib\modem_lte_lib.a,648,0,0,0,648,648,0
pal_imei.o,lib\modem_lte_lib.a,244,36,0,36,280,280,36
pal_sim.o,lib\modem_lte_lib.a,822,49,18,33,871,889,51
ps_data_link.o,lib\modem_lte_lib.a,536,0,0,0,536,536,0
rtos02_ps.o,lib\modem_lte_lib.a,5248,870,0,0,6118,6118,0
sap_main.o,lib\modem_lte_lib.a,390,99,0,8,489,489,8
sap_stack_cust.o,lib\modem_lte_lib.a,8,2,64,132,10,74,196
sap_usr.o,lib\modem_lte_lib.a,124,0,0,0,124,124,0
sim.o,lib\modem_lte_lib.a,1464,299,0,6256,1763,1763,6256
sim_evt.o,lib\modem_lte_lib.a,16,815,0,0,831,831,0
sim_proc.o,lib\modem_lte_lib.a,7740,39,10,5,7779,7789,15
sim_prot.o,lib\modem_lte_lib.a,14208,399,2748,276,14607,17355,3024
sit00.o,lib\modem_lte_lib.a,60,0,0,0,60,60,0
smc_fsm.o,lib\modem_lte_lib.a,0,807,64,0,807,871,64
smc_proc.o,lib\modem_lte_lib.a,6416,0,0,0,6416,6416,0
smc_uti.o,lib\modem_lte_lib.a,424,30,0,0,454,454,0
smr_fsm.o,lib\modem_lte_lib.a,0,608,64,0,608,672,64
smr_proc.o,lib\modem_lte_lib.a,3236,0,0,0,3236,3236,0
smr_uti.o,lib\modem_lte_lib.a,1030,0,0,0,1030,1030,0
sms.o,lib\modem_lte_lib.a,648,16,0,274,664,664,274
sms_evt.o,lib\modem_lte_lib.a,16,1377,0,0,1393,1393,0
sms_out.o,lib\modem_lte_lib.a,524,4,0,0,528,528,0
sms_rout.o,lib\modem_lte_lib.a,1184,0,0,0,1184,1184,0
sxr_mem.o,lib\modem_lte_lib.a,200,0,0,0,200,200,0
sxr_mutx.o,lib\modem_lte_lib.a,448,0,0,0,448,448,0
sxr_queu.o,lib\modem_lte_lib.a,1606,0,0,487,1606,1606,487
sxr_sbx.o,lib\modem_lte_lib.a,752,39,0,0,791,791,0
sxr_tim.o,lib\modem_lte_lib.a,1216,69,0,12,1285,1285,12
sxr_tksd.o,lib\modem_lte_lib.a,168,17,0,0,185,185,0
sxs_io_ap.o,lib\modem_lte_lib.a,56,33,0,0,89,89,0
sxs_mem.o,lib\modem_lte_lib.a,2,0,0,0,2,2,0
sxs_mutx.o,lib\modem_lte_lib.a,222,0,0,76,222,222,76
sxs_sbx.o,lib\modem_lte_lib.a,280,55,0,256,335,335,256
sxs_tim.o,lib\modem_lte_lib.a,44,0,0,320,44,44,320
sxs_tksd.o,lib\modem_lte_lib.a,234,64,0,485,298,298,485
tgl00pub.o,lib\modem_lte_lib.a,192,0,24,12392,192,216,12416
tgl00pub_init_ap.o,lib\modem_lte_lib.a,670,128,0,4,798,798,4
tgl00pub_ps.o,lib\modem_lte_lib.a,2378,743,0,0,3121,3121,0
tgl_ps_var.o,lib\modem_lte_lib.a,0,8,0,1581,8,8,1581
tra15_ap.o,lib\modem_lte_lib.a,122,0,0,0,122,122,0
usim_prot.o,lib\modem_lte_lib.a,2494,0,0,0,2494,2494,0
asm_CVSI_max_abs.o,lib\cvs.a,0,0,0,0,0,0,0
asm_CVSI_movDC.o,lib\cvs.a,0,0,0,0,0,0,0
asm_CVSI_MOVE_S2L.o,lib\cvs.a,0,0,0,0,0,0,0
asm_CVSI_sum.o,lib\cvs.a,0,0,0,0,0,0,0
asm_div32fs.o,lib\cvs.a,0,0,0,0,0,0,0
asm_DUAL_VAD_SUB.o,lib\cvs.a,0,0,0,0,0,0,0
asm_int_log2.o,lib\cvs.a,0,0,0,0,0,0,0
asm_MONO_VAD_SUB.o,lib\cvs.a,0,0,0,0,0,0,0
asm_polar2xy.o,lib\cvs.a,0,0,0,0,0,0,0
asm_syn_windowing.o,lib\cvs.a,0,0,0,0,0,0,0
asm_xy2ap.o,lib\cvs.a,0,0,0,0,0,0,0
asm_CVSI_chnDif.o,lib\cvs.a,0,0,0,0,0,0,0
asm_CVSI_ErrConv.o,lib\cvs.a,0,0,0,0,0,0,0
asm_CVSI_spec_smooth.o,lib\cvs.a,0,0,0,0,0,0,0
asm_ERWDAF.o,lib\cvs.a,0,0,0,0,0,0,0
asm_xy2am.o,lib\cvs.a,0,0,0,0,0,0,0
fft4_last_loop.o,lib\cvs.a,0,0,0,0,0,0,0
fft4_loop.o,lib\cvs.a,0,0,0,0,0,0,0
fft_inv_rec.o,lib\cvs.a,0,0,0,0,0,0,0
fft_inv_win.o,lib\cvs.a,0,0,0,0,0,0,0
fft_last_loop.o,lib\cvs.a,0,0,0,0,0,0,0
ifft4_last_loop.o,lib\cvs.a,0,0,0,0,0,0,0
ifft4_loop.o,lib\cvs.a,0,0,0,0,0,0,0
ifft_inv_rec.o,lib\cvs.a,0,0,0,0,0,0,0
ifft_last_loop.o,lib\cvs.a,0,0,0,0,0,0,0
rfft.o,lib\cvs.a,0,0,0,0,0,0,0
asm_CVSI_max_abs_recd.o,lib\cvsrecd.a,0,0,0,0,0,0,0
asm_CVSI_movDC_recd.o,lib\cvsrecd.a,0,0,0,0,0,0,0
asm_CVSI_MOVE_S2L_recd.o,lib\cvsrecd.a,0,0,0,0,0,0,0
asm_CVSI_sum_recd.o,lib\cvsrecd.a,0,0,0,0,0,0,0
asm_div32fs_recd.o,lib\cvsrecd.a,0,0,0,0,0,0,0
asm_int_log2_recd.o,lib\cvsrecd.a,0,0,0,0,0,0,0
asm_MONO_VAD_SUB_recd.o,lib\cvsrecd.a,0,0,0,0,0,0,0
asm_polar2xy_recd.o,lib\cvsrecd.a,0,0,0,0,0,0,0
asm_syn_windowing_recd.o,lib\cvsrecd.a,0,0,0,0,0,0,0
asm_xy2ap_recd.o,lib\cvsrecd.a,0,0,0,0,0,0,0
asm_FD_CONV_recd.o,lib\cvsrecd.a,0,0,0,0,0,0,0
fft4_last_loop_recd.o,lib\cvsrecd.a,0,0,0,0,0,0,0
fft4_loop_recd.o,lib\cvsrecd.a,0,0,0,0,0,0,0
fft_inv_rec_recd.o,lib\cvsrecd.a,0,0,0,0,0,0,0
fft_inv_win_recd.o,lib\cvsrecd.a,0,0,0,0,0,0,0
fft_last_loop_recd.o,lib\cvsrecd.a,0,0,0,0,0,0,0
ifft4_last_loop_recd.o,lib\cvsrecd.a,0,0,0,0,0,0,0
ifft4_loop_recd.o,lib\cvsrecd.a,0,0,0,0,0,0,0
ifft_inv_rec_recd.o,lib\cvsrecd.a,0,0,0,0,0,0,0
ifft_last_loop_recd.o,lib\cvsrecd.a,0,0,0,0,0,0,0
rfft_recd.o,lib\cvsrecd.a,0,0,0,0,0,0,0
CVS_data.o,lib\cvs.a,0,0,26496,640,0,26496,27136
lib_a-environ.o,..\..\components\newlib\newlib-3.1.0\armca5\libc.a,0,0,4,4,0,4,8
CVS_data_recd.o,lib\cvsrecd.a,0,0,36388,0,0,36388,36388
quec_boot_pin_map.c.obj,lib\libboot_ex_ql_pin.a,0,0,248,1,0,248,249
panel_desc.c.obj,lib\liblcdpanel.a,0,0,12,0,0,12,12
ql_freertos_config.c.obj,lib\libql_kernel_cfg.a,0,0,2,0,0,2,2
hal_build_revision.c.obj,lib\libhal.a,0,0,46,0,0,46,46
deltanv.o,lib\modem_lte_lib.a,0,0,0,16,0,0,16
quec_fatfs_mpal.c.obj,..\..\components\ql-kernel\libs\libql_fatfs_ex.a,0,0,0,8,0,0,8
vectors.S.obj,lib\libql_kernel_cfg.a,0,0,0,0,0,0,0
